date,city,temperature_c,humidity_percent,electricity_units_kwh,household_size,income_level,power_outage_hours
2022-01-01,Peshawar,26.9,88,26.65,3,Low,3.32
2022-01-02,Quetta,31.4,85,25.32,3,High,1.26
2022-01-03,Islamabad,37.5,51,23.4,7,Low,2.51
2022-01-04,Quetta,22.8,65,20.51,4,High,2.47
2022-01-05,Quetta,30.9,63,29.2,7,Middle,0.32
2022-01-06,Lahore,25.1,59,22.84,5,Middle,0.18
2022-01-07,Islamabad,38.4,54,10.2,2,Low,1.92
2022-01-08,Islamabad,19.3,74,15.3,4,Middle,0.26
2022-01-09,Islamabad,26.1,57,20.88,6,Middle,2.85
2022-01-10,Quetta,32.6,30,23.86,8,Low,1.94
2022-01-11,Peshawar,41.0,78,21.66,5,Middle,2.77
2022-01-12,Islamabad,29.5,74,29.31,4,Low,0.53
2022-01-13,Quetta,26.1,33,10.29,8,High,0.57
2022-01-14,Lahore,43.2,36,22.86,8,High,1.67
2022-01-15,Peshawar,19.9,78,11.09,2,High,0.05
2022-01-16,Lahore,14.6,38,26.56,3,Low,1.94
2022-01-17,Peshawar,33.1,65,21.43,6,Low,2.71
2022-01-18,Quetta,26.5,48,24.52,7,Middle,0.8
2022-01-19,Karachi,22.9,30,16.82,2,Middle,2.17
2022-01-20,Peshawar,35.0,39,29.68,5,Middle,0.29
2022-01-21,Lahore,31.7,65,28.25,8,Middle,0.58
2022-01-22,Quetta,26.1,38,25.5,5,Middle,5.49
2022-01-23,Peshawar,21.0,74,21.22,8,Low,6.44
2022-01-24,Karachi,36.1,75,25.48,3,Low,1.08
2022-01-25,Karachi,34.6,71,17.76,3,High,4.08
2022-01-26,Islamabad,29.3,61,27.13,6,High,1.11
2022-01-27,Islamabad,42.9,61,31.9,7,High,0.52
2022-01-28,Lahore,22.5,35,28.42,6,High,0.47
2022-01-29,Peshawar,19.3,77,17.62,3,Low,3.98
2022-01-30,Peshawar,25.2,67,24.17,3,Low,0.28
2022-01-31,Islamabad,29.7,46,14.24,5,Low,1.3
2022-02-01,Peshawar,31.7,39,25.43,3,Middle,1.22
2022-02-02,Peshawar,28.3,79,24.7,4,Middle,2.02
2022-02-03,Karachi,32.5,56,10.78,8,High,1.04
2022-02-04,Islamabad,21.2,83,15.03,2,Middle,0.48
2022-02-05,Quetta,40.1,79,20.3,3,Low,0.28
2022-02-06,Islamabad,29.4,64,20.19,6,High,1.45
2022-02-07,Quetta,37.8,81,14.74,7,High,1.9
2022-02-08,Karachi,32.4,88,24.33,8,Middle,1.26
2022-02-09,Lahore,33.2,50,23.51,8,High,2.01
2022-02-10,Peshawar,34.0,54,20.83,7,Middle,0.23
2022-02-11,Karachi,33.1,57,17.47,7,Middle,3.21
2022-02-12,Peshawar,34.5,76,28.29,8,High,1.31
2022-02-13,Lahore,39.3,44,31.93,4,Middle,0.2
2022-02-14,Lahore,31.4,33,19.1,6,Middle,0.93
2022-02-15,Karachi,35.0,58,18.33,4,Middle,2.79
2022-02-16,Lahore,29.4,88,24.95,3,Middle,3.42
2022-02-17,Quetta,40.1,38,19.85,2,High,0.46
2022-02-18,Lahore,25.3,56,21.16,7,Low,1.86
2022-02-19,Peshawar,42.6,55,26.44,6,Low,0.16
2022-02-20,Peshawar,29.7,48,10.54,7,Middle,0.05
2022-02-21,Peshawar,20.0,85,29.91,4,Middle,1.23
2022-02-22,Peshawar,30.9,57,22.44,5,Middle,1.78
2022-02-23,Quetta,25.2,46,19.53,3,Low,2.38
2022-02-24,Islamabad,35.9,72,21.46,2,Middle,0.62
2022-02-25,Karachi,25.4,86,21.77,3,High,0.01
2022-02-26,Peshawar,26.9,70,11.61,5,High,0.98
2022-02-27,Lahore,16.8,71,30.97,2,High,0.02
2022-02-28,Peshawar,26.8,79,22.25,5,Low,0.14
2022-03-01,Lahore,13.0,49,24.66,3,Middle,0.59
2022-03-02,Lahore,18.9,74,27.71,4,Middle,0.86
2022-03-03,Peshawar,35.3,69,15.87,8,Middle,0.49
2022-03-04,Quetta,35.5,68,24.84,3,Low,1.31
2022-03-05,Lahore,33.0,78,20.39,3,Low,0.09
2022-03-06,Lahore,23.2,82,27.08,3,Low,0.23
2022-03-07,Peshawar,29.7,52,9.24,6,Low,1.78
2022-03-08,Lahore,30.0,76,21.41,5,High,0.23
2022-03-09,Lahore,21.9,61,18.38,5,Low,1.53
2022-03-10,Peshawar,40.5,81,24.59,7,Low,0.08
2022-03-11,Peshawar,36.1,76,24.82,5,Low,0.78
2022-03-12,Karachi,28.5,62,17.75,7,Middle,0.29
2022-03-13,Quetta,30.2,86,17.73,6,Middle,0.17
2022-03-14,Quetta,31.5,75,21.34,4,Middle,1.26
2022-03-15,Lahore,15.7,34,16.62,7,High,3.95
2022-03-16,Quetta,28.3,72,27.05,3,High,0.08
2022-03-17,Lahore,25.2,77,19.78,4,Low,0.82
2022-03-18,Karachi,23.0,63,4.56,8,Middle,1.84
2022-03-19,Peshawar,28.0,69,19.75,6,High,0.93
2022-03-20,Peshawar,42.6,40,15.77,5,Middle,2.46
2022-03-21,Peshawar,34.5,79,12.21,7,High,0.3
2022-03-22,Quetta,26.0,32,14.58,3,High,4.81
2022-03-23,Karachi,34.0,87,22.66,2,Low,0.73
2022-03-24,Quetta,39.8,62,29.97,8,Low,0.63
2022-03-25,Quetta,36.5,40,23.88,2,High,3.11
2022-03-26,Karachi,30.4,45,18.36,4,Low,1.24
2022-03-27,Karachi,25.5,47,24.74,5,High,1.09
2022-03-28,Karachi,34.9,59,19.25,2,High,1.95
2022-03-29,Karachi,32.8,77,17.83,4,Middle,1.3
2022-03-30,Peshawar,36.3,84,15.07,6,Low,0.27
2022-03-31,Islamabad,34.4,39,11.49,4,Low,1.68
2022-04-01,Islamabad,37.3,47,19.66,8,Low,0.21
2022-04-02,Karachi,26.3,67,22.95,4,Middle,2.46
2022-04-03,Islamabad,39.2,48,21.42,8,Middle,6.87
2022-04-04,Islamabad,31.4,65,19.5,4,Middle,0.71
2022-04-05,Karachi,44.5,88,16.33,3,Low,0.88
2022-04-06,Islamabad,25.2,42,25.65,4,Low,0.07
2022-04-07,Quetta,42.2,85,14.1,7,Low,0.02
2022-04-08,Lahore,31.4,75,26.66,4,Middle,3.82
2022-04-09,Lahore,25.4,32,15.99,3,Middle,0.21
2022-04-10,Karachi,26.6,39,17.49,3,High,0.89
2022-04-11,Peshawar,27.8,67,13.2,6,Middle,2.53
2022-04-12,Karachi,33.0,30,18.99,8,High,3.3
2022-04-13,Peshawar,33.7,84,27.85,5,Low,1.1
2022-04-14,Lahore,26.0,85,25.09,2,Middle,1.25
2022-04-15,Karachi,29.8,56,27.87,2,Low,1.66
2022-04-16,Quetta,45.0,75,25.13,4,Low,4.88
2022-04-17,Islamabad,42.1,37,15.38,6,Low,1.38
2022-04-18,Peshawar,33.1,80,20.02,4,Low,1.23
2022-04-19,Islamabad,30.3,75,17.32,2,Middle,0.02
2022-04-20,Islamabad,30.8,71,29.98,8,Low,0.13
2022-04-21,Karachi,34.3,46,14.82,8,High,1.29
2022-04-22,Islamabad,22.8,38,27.36,8,Middle,4.13
2022-04-23,Quetta,28.2,35,27.36,3,Low,3.02
2022-04-24,Islamabad,18.3,72,32.98,5,Middle,6.08
2022-04-25,Karachi,32.8,54,19.54,6,High,1.13
2022-04-26,Quetta,34.5,68,26.27,3,Low,2.33
2022-04-27,Lahore,26.6,78,35.69,5,High,2.75
2022-04-28,Islamabad,41.0,89,18.29,6,Low,1.57
2022-04-29,Karachi,21.4,57,12.79,6,High,0.62
2022-04-30,Lahore,19.7,62,10.72,2,Low,0.95
2022-05-01,Lahore,31.6,83,26.28,3,Middle,2.93
2022-05-02,Peshawar,37.3,66,10.7,6,Low,0.53
2022-05-03,Quetta,41.8,38,19.77,7,Middle,3.86
2022-05-04,Islamabad,26.8,47,24.62,8,Low,0.39
2022-05-05,Karachi,37.6,85,23.11,6,Low,2.08
2022-05-06,Peshawar,29.7,88,24.55,5,High,1.49
2022-05-07,Quetta,28.8,50,23.33,2,High,2.08
2022-05-08,Peshawar,36.2,31,29.67,4,High,0.86
2022-05-09,Quetta,34.6,87,16.29,8,Low,4.05
2022-05-10,Quetta,19.0,72,17.94,2,Low,1.5
2022-05-11,Islamabad,40.3,88,17.36,4,Low,0.51
2022-05-12,Quetta,39.7,89,26.98,3,Middle,1.53
2022-05-13,Peshawar,25.6,67,27.4,3,Middle,0.51
2022-05-14,Quetta,32.8,87,24.71,6,Low,0.52
2022-05-15,Islamabad,33.5,69,29.1,7,High,0.77
2022-05-16,Islamabad,31.8,65,14.93,3,High,2.87
2022-05-17,Peshawar,26.1,79,32.0,6,High,1.04
2022-05-18,Lahore,25.3,89,31.14,8,Low,1.7
2022-05-19,Lahore,29.8,72,26.41,2,High,0.75
2022-05-20,Quetta,38.2,66,32.69,3,Low,0.46
2022-05-21,Karachi,33.8,44,12.06,2,Middle,4.64
2022-05-22,Quetta,27.4,57,18.85,2,High,1.39
2022-05-23,Peshawar,35.4,47,17.59,7,Middle,4.08
2022-05-24,Peshawar,10.1,63,26.33,3,High,0.34
2022-05-25,Peshawar,38.0,51,15.7,2,Low,0.24
2022-05-26,Peshawar,17.8,40,26.54,7,Low,2.91
2022-05-27,Peshawar,27.5,87,30.22,7,Low,1.71
2022-05-28,Islamabad,22.2,86,26.17,3,Low,0.31
2022-05-29,Lahore,20.9,42,23.7,7,High,0.47
2022-05-30,Peshawar,38.1,33,16.07,3,Middle,2.42
2022-05-31,Karachi,26.7,51,16.92,3,Low,0.91
2022-06-01,Karachi,32.4,36,29.5,4,High,1.67
2022-06-02,Karachi,29.7,72,26.68,2,Middle,0.57
2022-06-03,Karachi,33.3,83,21.77,5,Low,0.72
2022-06-04,Islamabad,30.5,53,19.49,3,Middle,7.02
2022-06-05,Karachi,21.0,33,9.85,2,Low,0.43
2022-06-06,Peshawar,37.0,57,15.57,8,Middle,1.06
2022-06-07,Quetta,26.5,44,33.47,7,Middle,2.79
2022-06-08,Karachi,19.1,30,14.32,6,Low,0.41
2022-06-09,Islamabad,27.0,84,23.14,3,High,0.8
2022-06-10,Islamabad,40.5,32,28.04,7,Middle,1.43
2022-06-11,Karachi,36.0,43,14.47,7,Low,0.98
2022-06-12,Quetta,27.6,67,23.11,7,Middle,0.92
2022-06-13,Karachi,27.6,79,27.63,7,Middle,0.68
2022-06-14,Islamabad,27.7,86,22.07,7,High,1.33
2022-06-15,Lahore,44.5,30,39.21,3,Middle,1.47
2022-06-16,Peshawar,32.7,67,11.99,8,Middle,1.59
2022-06-17,Islamabad,33.0,67,28.35,5,Low,0.11
2022-06-18,Karachi,37.2,50,20.96,4,Low,1.5
2022-06-19,Peshawar,31.7,77,26.63,7,High,4.59
2022-06-20,Karachi,28.2,58,24.65,7,Middle,1.17
2022-06-21,Karachi,28.6,34,17.6,4,Middle,1.88
2022-06-22,Lahore,29.5,78,23.37,8,Middle,1.22
2022-06-23,Peshawar,29.7,39,10.85,8,High,2.89
2022-06-24,Peshawar,35.1,57,25.62,3,Middle,3.98
2022-06-25,Lahore,30.4,50,23.79,2,Low,0.31
2022-06-26,Islamabad,35.1,79,25.83,6,High,0.86
2022-06-27,Karachi,29.4,36,28.35,6,Low,0.75
2022-06-28,Quetta,30.6,32,24.21,2,Low,0.78
2022-06-29,Karachi,16.0,74,22.89,3,High,0.2
2022-06-30,Karachi,36.4,76,16.71,6,Low,2.52
2022-07-01,Islamabad,32.4,49,17.73,8,Middle,0.05
2022-07-02,Karachi,37.0,48,29.12,4,High,1.13
2022-07-03,Lahore,9.7,64,30.62,2,Low,1.63
2022-07-04,Lahore,44.6,33,20.57,8,Middle,0.35
2022-07-05,Peshawar,29.0,34,22.28,5,Middle,3.54
2022-07-06,Quetta,37.8,30,16.57,3,Low,2.74
2022-07-07,Karachi,22.7,33,29.04,2,Middle,0.96
2022-07-08,Karachi,34.3,41,25.99,6,High,0.79
2022-07-09,Islamabad,22.6,89,33.65,3,Low,0.4
2022-07-10,Lahore,25.6,56,16.73,4,Middle,1.96
2022-07-11,Quetta,43.4,85,19.73,3,Middle,0.21
2022-07-12,Peshawar,28.7,71,23.39,3,Low,1.71
2022-07-13,Lahore,31.5,52,25.88,4,Low,2.77
2022-07-14,Peshawar,36.1,54,20.71,7,Low,0.39
2022-07-15,Islamabad,33.5,50,16.76,4,Low,3.02
2022-07-16,Islamabad,31.1,87,27.29,8,High,0.05
2022-07-17,Karachi,32.6,81,26.33,3,Low,3.66
2022-07-18,Quetta,46.8,53,16.5,4,High,0.19
2022-07-19,Peshawar,29.6,54,30.13,7,High,1.56
2022-07-20,Lahore,31.4,74,29.02,8,Low,0.43
2022-07-21,Islamabad,37.4,84,22.81,2,High,2.72
2022-07-22,Karachi,37.7,75,22.48,4,Low,1.08
2022-07-23,Karachi,38.3,61,25.32,4,Low,0.22
2022-07-24,Peshawar,34.5,84,16.83,3,Middle,1.27
2022-07-25,Islamabad,22.0,61,22.18,8,Low,0.79
2022-07-26,Quetta,41.4,34,9.09,2,Middle,1.62
2022-07-27,Islamabad,22.0,65,27.26,5,High,3.2
2022-07-28,Peshawar,32.1,75,12.63,5,Middle,0.79
2022-07-29,Peshawar,24.7,71,31.02,6,High,0.51
2022-07-30,Islamabad,29.6,78,20.02,4,Low,0.02
2022-07-31,Peshawar,32.3,71,20.73,4,High,1.28
2022-08-01,Islamabad,32.2,87,18.23,2,High,0.77
2022-08-02,Lahore,33.0,68,20.27,7,Low,0.7
2022-08-03,Islamabad,41.3,45,30.51,5,High,0.3
2022-08-04,Islamabad,33.2,62,7.07,6,Low,0.84
2022-08-05,Peshawar,28.3,78,29.66,2,Middle,6.24
2022-08-06,Peshawar,36.7,50,24.03,4,Low,0.53
2022-08-07,Karachi,38.3,38,14.76,5,Low,1.37
2022-08-08,Karachi,21.4,35,15.55,8,High,2.25
2022-08-09,Lahore,34.2,80,32.06,6,Middle,2.07
2022-08-10,Karachi,34.9,74,16.33,3,Low,0.6
2022-08-11,Islamabad,27.9,64,15.08,5,Middle,1.42
2022-08-12,Peshawar,39.6,68,28.82,6,Middle,3.07
2022-08-13,Karachi,28.9,51,24.03,2,High,0.02
2022-08-14,Karachi,30.9,70,16.37,3,Low,0.86
2022-08-15,Lahore,28.8,83,23.3,6,High,0.38
2022-08-16,Lahore,30.1,34,15.85,6,Low,0.74
2022-08-17,Islamabad,22.3,71,28.6,4,Middle,0.81
2022-08-18,Peshawar,19.9,52,28.37,7,Low,2.06
2022-08-19,Lahore,41.2,46,25.19,5,Low,0.15
2022-08-20,Karachi,24.1,41,24.17,4,Middle,1.08
2022-08-21,Peshawar,23.1,52,32.57,8,Middle,1.25
2022-08-22,Peshawar,14.9,45,22.0,3,Low,1.02
2022-08-23,Karachi,25.5,32,14.91,7,High,1.97
2022-08-24,Lahore,20.7,59,24.7,6,Low,0.73
2022-08-25,Karachi,41.5,86,34.52,4,Middle,4.35
2022-08-26,Peshawar,37.1,51,15.91,7,High,0.99
2022-08-27,Quetta,25.2,38,19.83,8,Middle,1.27
2022-08-28,Quetta,45.8,58,24.5,5,Middle,2.62
2022-08-29,Islamabad,36.9,76,21.68,8,High,0.48
2022-08-30,Karachi,27.7,66,16.11,3,Middle,0.12
2022-08-31,Karachi,12.5,52,28.73,2,Middle,1.85
2022-09-01,Islamabad,46.0,42,35.92,4,Middle,0.99
2022-09-02,Islamabad,20.3,61,23.18,3,Middle,3.4
2022-09-03,Islamabad,18.5,75,16.58,2,Middle,6.08
2022-09-04,Peshawar,37.2,81,12.71,4,Middle,0.76
2022-09-05,Karachi,47.1,76,23.55,3,Middle,0.81
2022-09-06,Peshawar,39.7,77,28.62,8,Middle,0.79
2022-09-07,Islamabad,33.9,52,24.85,3,Middle,0.59
2022-09-08,Karachi,34.2,74,21.99,7,Low,2.28
2022-09-09,Peshawar,36.0,46,18.46,8,Low,2.13
2022-09-10,Peshawar,35.3,84,15.45,4,Middle,0.98
2022-09-11,Islamabad,32.0,69,27.01,3,Low,0.07
2022-09-12,Karachi,30.7,50,27.48,6,High,0.56
2022-09-13,Islamabad,29.6,31,12.73,4,Low,0.52
2022-09-14,Karachi,24.7,66,31.54,3,Middle,2.5
2022-09-15,Quetta,28.0,35,25.44,7,Middle,0.14
2022-09-16,Lahore,18.1,73,30.4,2,Low,2.46
2022-09-17,Lahore,29.3,47,13.95,2,Middle,1.66
2022-09-18,Lahore,23.1,59,13.81,6,High,1.98
2022-09-19,Islamabad,22.3,51,21.11,4,High,0.85
2022-09-20,Quetta,31.3,83,25.02,7,Middle,1.71
2022-09-21,Karachi,39.7,62,32.78,3,High,1.41
2022-09-22,Peshawar,36.4,59,26.24,3,High,2.2
2022-09-23,Karachi,19.0,46,20.54,2,Low,0.89
2022-09-24,Peshawar,23.1,72,15.84,7,High,0.96
2022-09-25,Karachi,36.6,61,29.38,8,Low,1.55
2022-09-26,Quetta,23.1,71,16.21,6,Middle,0.17
2022-09-27,Peshawar,28.4,80,31.77,2,Low,0.86
2022-09-28,Islamabad,33.9,43,20.29,2,Middle,5.36
2022-09-29,Karachi,23.2,87,31.54,6,Middle,0.06
2022-09-30,Karachi,30.7,39,26.07,4,Middle,0.57
2022-10-01,Peshawar,20.7,76,21.18,3,Middle,0.57
2022-10-02,Islamabad,25.8,89,18.88,4,Middle,1.51
2022-10-03,Islamabad,32.2,80,19.95,7,Low,0.17
2022-10-04,Quetta,18.8,65,24.57,8,Middle,1.49
2022-10-05,Islamabad,33.1,63,22.46,5,High,0.15
2022-10-06,Islamabad,29.9,38,18.44,5,High,0.15
2022-10-07,Islamabad,33.9,71,21.01,5,Middle,1.95
2022-10-08,Lahore,31.6,57,22.47,6,High,0.59
2022-10-09,Quetta,39.5,40,9.23,2,Low,5.69
2022-10-10,Karachi,30.9,43,24.75,8,Low,0.06
2022-10-11,Peshawar,27.0,68,16.12,4,Middle,0.88
2022-10-12,Karachi,30.9,84,15.08,3,Middle,0.18
2022-10-13,Quetta,33.8,76,11.88,5,Middle,0.65
2022-10-14,Peshawar,30.3,83,11.24,4,High,9.5
2022-10-15,Quetta,30.3,48,13.87,5,High,3.3
2022-10-16,Islamabad,25.1,83,17.75,8,Low,0.07
2022-10-17,Peshawar,25.4,44,33.72,5,High,1.24
2022-10-18,Islamabad,20.2,57,18.84,3,Low,1.57
2022-10-19,Karachi,42.2,53,23.07,7,High,0.35
2022-10-20,Karachi,21.3,37,24.4,7,Low,0.24
2022-10-21,Peshawar,25.1,72,22.79,8,Middle,3.52
2022-10-22,Peshawar,25.0,38,21.54,7,High,5.2
2022-10-23,Quetta,36.3,76,14.83,6,Low,7.22
2022-10-24,Quetta,27.9,62,30.71,2,High,2.34
2022-10-25,Islamabad,38.7,62,32.84,6,Middle,1.63
2022-10-26,Peshawar,25.3,48,11.9,4,Low,0.64
2022-10-27,Karachi,32.0,32,15.86,6,High,0.28
2022-10-28,Quetta,24.2,39,20.32,4,High,0.12
2022-10-29,Quetta,45.0,69,16.21,4,Middle,1.77
2022-10-30,Karachi,21.7,76,25.04,2,Middle,2.3
2022-10-31,Quetta,32.2,71,17.63,3,Low,2.63
2022-11-01,Islamabad,34.4,30,34.99,8,High,3.68
2022-11-02,Peshawar,32.9,58,29.14,2,High,3.18
2022-11-03,Karachi,28.7,79,23.28,8,Middle,12.39
2022-11-04,Peshawar,29.1,63,28.16,7,Middle,0.42
2022-11-05,Quetta,30.3,80,28.64,7,Low,2.16
2022-11-06,Quetta,29.0,42,18.62,6,High,1.32
2022-11-07,Karachi,36.7,83,17.1,4,High,0.45
2022-11-08,Islamabad,45.5,30,22.47,5,Low,6.02
2022-11-09,Lahore,26.1,63,27.17,5,Low,3.42
2022-11-10,Karachi,20.4,58,22.83,8,Middle,0.21
2022-11-11,Lahore,29.4,77,12.54,4,Middle,0.04
2022-11-12,Lahore,48.1,76,17.18,8,Low,1.75
2022-11-13,Islamabad,24.4,42,21.56,2,Low,1.39
2022-11-14,Lahore,41.5,77,21.55,3,High,4.12
2022-11-15,Lahore,41.7,78,33.84,2,Low,0.4
2022-11-16,Islamabad,26.1,82,13.68,4,Low,0.13
2022-11-17,Lahore,34.0,58,25.03,4,High,0.45
2022-11-18,Lahore,41.4,68,30.93,3,Low,0.03
2022-11-19,Lahore,27.3,53,35.63,8,Middle,0.05
2022-11-20,Karachi,28.6,55,19.57,6,Middle,3.7
2022-11-21,Karachi,25.9,46,24.95,6,High,0.65
2022-11-22,Karachi,22.9,36,25.42,3,Low,0.79
2022-11-23,Islamabad,25.5,42,23.17,6,Middle,0.03
2022-11-24,Quetta,21.4,34,21.41,5,Middle,0.47
2022-11-25,Lahore,30.2,55,24.62,6,Middle,2.45
2022-11-26,Lahore,24.6,78,6.81,6,Middle,1.43
2022-11-27,Islamabad,31.6,32,26.09,6,Low,2.1
2022-11-28,Lahore,19.1,36,22.76,5,Low,0.89
2022-11-29,Karachi,32.3,87,20.67,8,Low,0.56
2022-11-30,Quetta,35.8,78,34.28,6,Low,0.99
2022-12-01,Peshawar,16.0,68,17.95,7,Middle,0.59
2022-12-02,Lahore,32.6,82,19.58,5,High,2.74
2022-12-03,Karachi,38.6,30,33.95,3,High,0.53
2022-12-04,Peshawar,21.5,78,17.01,2,Middle,1.62
2022-12-05,Quetta,41.7,46,18.7,3,Middle,0.22
2022-12-06,Peshawar,32.9,72,21.12,2,High,1.74
2022-12-07,Karachi,25.1,54,27.04,3,High,3.67
2022-12-08,Peshawar,29.6,88,23.25,7,Middle,1.41
2022-12-09,Islamabad,33.9,32,14.24,2,Middle,1.23
2022-12-10,Peshawar,30.5,44,18.81,2,Low,4.87
2022-12-11,Lahore,33.8,58,18.36,4,Low,1.48
2022-12-12,Lahore,23.6,82,21.54,2,High,0.45
2022-12-13,Islamabad,31.2,72,24.56,2,Middle,0.52
2022-12-14,Karachi,20.1,61,24.51,4,High,1.83
2022-12-15,Lahore,29.2,55,11.34,6,Low,1.99
2022-12-16,Quetta,23.7,89,28.38,6,Low,0.54
2022-12-17,Lahore,24.9,45,23.52,4,High,0.64
2022-12-18,Lahore,38.7,54,30.31,5,Low,7.08
2022-12-19,Karachi,37.6,83,24.67,2,Middle,0.16
2022-12-20,Peshawar,34.3,57,28.61,2,High,0.78
2022-12-21,Lahore,22.4,38,24.8,4,Middle,0.1
2022-12-22,Islamabad,27.8,85,30.08,4,Middle,2.58
2022-12-23,Peshawar,38.5,85,25.13,5,Low,0.15
2022-12-24,Quetta,31.0,30,21.41,7,Middle,1.68
2022-12-25,Karachi,46.2,58,35.63,6,High,0.09
2022-12-26,Quetta,32.8,86,27.33,3,Middle,1.68
2022-12-27,Peshawar,31.3,51,25.44,7,Middle,2.78
2022-12-28,Peshawar,27.8,45,14.34,8,Middle,0.76
2022-12-29,Peshawar,30.9,70,14.27,6,Middle,1.11
2022-12-30,Quetta,28.9,80,23.76,2,Middle,0.77
2022-12-31,Peshawar,35.0,73,22.87,8,Low,0.54
2023-01-01,Quetta,36.7,80,18.32,7,High,2.44
2023-01-02,Peshawar,24.5,83,22.85,4,Low,0.48
2023-01-03,Islamabad,20.7,70,31.53,5,High,1.93
2023-01-04,Peshawar,17.1,36,26.17,6,High,0.35
2023-01-05,Quetta,33.6,43,15.15,5,High,0.43
2023-01-06,Lahore,22.3,58,21.33,8,High,0.62
2023-01-07,Peshawar,14.9,48,17.17,6,High,1.33
2023-01-08,Lahore,32.7,48,19.67,7,Middle,0.91
2023-01-09,Islamabad,47.5,31,19.52,2,Low,2.05
2023-01-10,Karachi,30.0,70,19.13,3,Low,0.36
2023-01-11,Islamabad,35.9,74,14.47,5,Middle,0.02
2023-01-12,Peshawar,30.6,44,21.23,5,High,2.25
2023-01-13,Lahore,29.3,32,18.64,3,Low,2.59
2023-01-14,Lahore,36.4,40,4.42,5,Middle,0.09
2023-01-15,Quetta,28.0,82,34.32,5,Middle,1.42
2023-01-16,Lahore,31.9,75,28.53,6,Low,0.71
2023-01-17,Quetta,32.3,59,19.74,6,Low,2.37
2023-01-18,Karachi,25.3,86,22.11,3,High,3.11
2023-01-19,Peshawar,36.9,69,14.97,8,High,2.86
2023-01-20,Quetta,28.8,47,32.17,2,Low,2.25
2023-01-21,Karachi,24.7,80,33.38,7,High,0.47
2023-01-22,Lahore,33.8,77,22.94,7,Middle,2.51
2023-01-23,Lahore,23.7,31,28.14,8,High,1.14
2023-01-24,Karachi,30.2,61,23.05,5,High,0.08
2023-01-25,Lahore,29.9,37,13.98,2,Middle,0.92
2023-01-26,Karachi,37.6,51,19.53,3,High,4.28
2023-01-27,Quetta,33.3,35,22.79,8,Middle,3.28
2023-01-28,Quetta,29.8,41,19.27,3,High,0.16
2023-01-29,Karachi,35.7,76,20.69,6,Low,2.04
2023-01-30,Quetta,39.7,86,21.45,5,High,2.46
2023-01-31,Quetta,33.9,69,21.51,4,Low,0.47
2023-02-01,Quetta,30.1,65,22.31,3,Low,0.96
2023-02-02,Islamabad,20.8,44,15.64,8,Low,1.86
2023-02-03,Peshawar,22.5,57,17.7,5,Low,0.87
2023-02-04,Lahore,27.9,81,14.29,2,Low,0.18
2023-02-05,Islamabad,25.7,86,27.87,8,Middle,1.84
2023-02-06,Quetta,28.7,78,9.37,6,Middle,3.64
2023-02-07,Karachi,30.4,74,28.92,7,Middle,1.59
2023-02-08,Quetta,33.7,47,30.32,2,Low,2.23
2023-02-09,Peshawar,29.5,31,20.19,3,High,0.67
2023-02-10,Quetta,33.4,42,6.38,3,Middle,0.3
2023-02-11,Karachi,30.5,74,19.83,2,High,1.54
2023-02-12,Peshawar,16.2,83,21.61,3,High,0.6
2023-02-13,Quetta,23.4,44,15.94,8,Low,2.95
2023-02-14,Peshawar,29.0,49,18.91,5,Low,0.2
2023-02-15,Lahore,21.5,58,31.18,3,Low,0.85
2023-02-16,Lahore,34.2,88,25.99,6,Middle,0.76
2023-02-17,Quetta,40.7,71,16.45,5,Low,4.17
2023-02-18,Peshawar,38.5,58,12.41,8,Middle,0.25
2023-02-19,Karachi,28.5,32,20.04,4,Middle,0.01
2023-02-20,Quetta,40.4,48,20.72,3,Middle,0.41
2023-02-21,Lahore,31.0,32,24.98,3,Middle,2.57
2023-02-22,Lahore,27.6,83,18.79,6,Low,0.35
2023-02-23,Quetta,25.7,43,25.07,8,Middle,0.41
2023-02-24,Peshawar,27.9,69,33.61,6,Low,0.21
2023-02-25,Lahore,27.3,88,26.89,7,Low,1.89
2023-02-26,Peshawar,31.2,84,21.71,8,Middle,0.11
2023-02-27,Lahore,31.1,33,20.9,2,Low,0.6
2023-02-28,Lahore,30.0,88,19.86,2,High,0.5
2023-03-01,Islamabad,33.1,89,29.08,2,Low,1.22
2023-03-02,Lahore,38.3,81,18.24,6,Low,1.97
2023-03-03,Karachi,36.6,40,22.27,2,Middle,1.14
2023-03-04,Quetta,19.6,87,22.31,8,Middle,4.01
2023-03-05,Quetta,12.1,60,18.99,2,Low,4.54
2023-03-06,Peshawar,36.5,72,13.77,4,Middle,0.67
2023-03-07,Lahore,20.4,61,23.94,2,High,2.26
2023-03-08,Karachi,28.4,56,21.63,3,High,2.01
2023-03-09,Peshawar,21.8,59,25.0,7,Middle,3.35
2023-03-10,Islamabad,17.4,72,18.8,6,Low,0.89
2023-03-11,Peshawar,33.8,31,29.32,5,High,1.13
2023-03-12,Peshawar,35.3,78,16.74,7,High,0.81
2023-03-13,Lahore,26.0,38,32.27,4,Low,2.85
2023-03-14,Islamabad,11.9,57,11.51,6,Middle,0.39
2023-03-15,Peshawar,26.2,60,24.61,8,High,0.41
2023-03-16,Karachi,32.7,89,24.85,6,Low,0.7
2023-03-17,Karachi,19.6,63,17.23,3,Low,0.39
2023-03-18,Quetta,31.3,85,24.55,8,High,1.23
2023-03-19,Islamabad,29.9,44,29.68,7,Middle,0.22
2023-03-20,Islamabad,34.1,77,8.7,7,High,0.58
2023-03-21,Quetta,30.8,54,25.02,2,Low,3.67
2023-03-22,Peshawar,23.2,65,7.04,8,High,0.79
2023-03-23,Islamabad,38.4,37,16.21,3,Middle,2.07
2023-03-24,Karachi,28.9,38,31.77,2,Low,0.18
2023-03-25,Karachi,29.8,87,18.51,2,Middle,0.43
2023-03-26,Lahore,23.5,87,14.96,6,High,2.47
2023-03-27,Islamabad,26.9,66,20.81,7,High,2.16
2023-03-28,Peshawar,23.8,77,34.41,2,Middle,0.73
2023-03-29,Quetta,28.8,74,11.01,4,High,4.63
2023-03-30,Quetta,42.0,68,15.69,4,Middle,3.62
2023-03-31,Peshawar,20.4,61,30.98,7,High,4.92
2023-04-01,Lahore,18.7,87,33.15,4,Middle,0.84
2023-04-02,Quetta,40.3,81,21.38,6,Middle,0.33
2023-04-03,Islamabad,28.5,46,14.57,3,Low,1.48
2023-04-04,Lahore,25.3,64,34.58,5,Low,1.73
2023-04-05,Islamabad,37.3,66,31.57,2,Middle,0.2
2023-04-06,Karachi,25.8,48,26.07,5,High,2.32
2023-04-07,Lahore,42.8,73,17.13,3,High,0.03
2023-04-08,Quetta,34.7,58,21.71,3,High,0.99
2023-04-09,Lahore,26.6,88,21.04,6,Middle,0.6
2023-04-10,Lahore,45.1,36,23.99,4,Middle,2.02
2023-04-11,Lahore,25.8,57,30.71,4,Middle,0.56
2023-04-12,Lahore,35.2,38,27.28,3,Middle,2.63
2023-04-13,Islamabad,32.1,57,15.54,6,Low,1.36
2023-04-14,Karachi,39.1,35,30.26,6,Middle,2.37
2023-04-15,Peshawar,40.9,58,23.88,7,High,6.81
2023-04-16,Lahore,30.2,87,26.12,8,Low,1.71
2023-04-17,Quetta,24.7,46,30.8,2,High,6.29
2023-04-18,Lahore,33.2,45,15.33,8,Middle,0.04
2023-04-19,Quetta,25.3,52,21.79,4,Low,0.62
2023-04-20,Islamabad,44.1,60,18.81,3,Middle,0.17
2023-04-21,Quetta,31.0,32,12.59,7,Low,0.46
2023-04-22,Peshawar,27.4,50,24.08,5,High,2.74
2023-04-23,Karachi,31.3,55,37.07,4,Middle,0.05
2023-04-24,Quetta,20.6,65,10.96,2,Middle,1.1
2023-04-25,Quetta,23.2,71,21.81,6,Low,1.26
2023-04-26,Karachi,38.4,66,25.84,3,Low,1.24
2023-04-27,Peshawar,25.4,82,22.74,4,Middle,0.97
2023-04-28,Lahore,22.7,51,21.32,5,Low,2.35
2023-04-29,Quetta,33.8,71,14.2,2,Middle,0.22
2023-04-30,Karachi,38.3,41,23.4,2,Low,0.56
2023-05-01,Islamabad,35.0,71,17.46,7,High,1.43
2023-05-02,Karachi,37.0,42,8.86,4,Low,1.76
2023-05-03,Islamabad,24.7,40,29.17,5,High,0.78
2023-05-04,Peshawar,20.0,83,27.75,2,Low,3.12
2023-05-05,Lahore,40.5,45,22.31,3,Low,0.81
2023-05-06,Karachi,27.7,37,23.37,2,Middle,0.77
2023-05-07,Quetta,28.2,69,28.45,5,Low,0.06
2023-05-08,Peshawar,39.3,88,23.35,6,Low,1.2
2023-05-09,Karachi,33.9,86,27.42,6,High,1.85
2023-05-10,Quetta,33.2,69,20.22,7,Low,0.18
2023-05-11,Karachi,45.2,74,29.87,4,Middle,0.55
2023-05-12,Islamabad,25.5,88,23.92,5,High,2.28
2023-05-13,Karachi,36.5,31,23.16,7,Middle,0.68
2023-05-14,Karachi,30.4,59,14.38,8,Middle,0.41
2023-05-15,Karachi,31.9,59,23.72,2,Middle,1.67
2023-05-16,Peshawar,40.7,41,17.01,8,Middle,0.33
2023-05-17,Karachi,33.6,39,18.17,2,High,3.39
2023-05-18,Quetta,33.8,73,17.11,6,Low,0.17
2023-05-19,Islamabad,37.5,40,15.6,7,Middle,1.84
2023-05-20,Islamabad,27.4,44,34.75,6,High,1.04
2023-05-21,Karachi,24.1,45,29.99,3,Middle,3.06
2023-05-22,Peshawar,22.7,46,33.52,8,Low,0.2
2023-05-23,Peshawar,16.2,55,14.66,8,High,1.7
2023-05-24,Quetta,44.4,31,22.43,6,High,1.27
2023-05-25,Karachi,22.3,79,14.24,3,Low,0.98
2023-05-26,Islamabad,28.5,41,17.83,2,High,1.01
2023-05-27,Peshawar,28.1,80,16.49,7,Low,1.92
2023-05-28,Karachi,32.2,55,29.44,3,High,4.16
2023-05-29,Peshawar,35.7,52,19.62,7,High,0.14
2023-05-30,Peshawar,36.0,47,28.41,8,Low,0.03
2023-05-31,Islamabad,25.9,61,25.62,7,Low,2.46
2023-06-01,Lahore,28.8,78,35.82,8,High,0.17
2023-06-02,Quetta,32.0,67,13.12,3,High,6.48
2023-06-03,Quetta,28.3,86,29.56,8,Low,1.45
2023-06-04,Islamabad,41.3,76,28.88,4,Low,1.58
2023-06-05,Peshawar,33.4,32,16.16,8,High,0.33
2023-06-06,Karachi,35.1,67,28.04,6,High,0.41
2023-06-07,Peshawar,34.6,32,24.02,3,High,1.62
2023-06-08,Islamabad,38.2,59,20.64,2,Low,3.61
2023-06-09,Quetta,31.3,30,17.06,7,High,6.06
2023-06-10,Peshawar,20.9,59,17.69,5,Middle,0.33
2023-06-11,Quetta,32.8,74,34.3,3,Low,0.22
2023-06-12,Karachi,25.4,61,22.0,6,High,0.09
2023-06-13,Quetta,26.3,57,26.69,8,Low,3.04
2023-06-14,Quetta,34.1,50,17.25,7,Middle,0.52
2023-06-15,Lahore,38.7,87,17.32,4,Low,0.0
2023-06-16,Lahore,30.1,75,28.49,2,High,0.38
2023-06-17,Lahore,32.2,42,13.9,4,Middle,0.62
2023-06-18,Quetta,41.9,56,19.51,5,Middle,7.06
2023-06-19,Islamabad,31.7,65,22.2,3,High,1.11
2023-06-20,Quetta,48.2,36,22.67,7,High,0.34
2023-06-21,Islamabad,34.0,51,20.93,3,High,0.61
2023-06-22,Islamabad,17.7,39,24.37,6,Low,0.6
2023-06-23,Lahore,35.3,68,26.16,3,Low,0.03
2023-06-24,Peshawar,32.7,82,26.41,2,Low,0.22
2023-06-25,Karachi,39.0,44,16.09,5,High,1.78
2023-06-26,Lahore,34.7,44,20.3,4,High,0.19
2023-06-27,Lahore,29.0,33,29.17,5,Low,0.39
2023-06-28,Peshawar,21.4,61,27.37,7,Middle,0.65
2023-06-29,Karachi,28.5,52,13.76,3,Low,2.13
2023-06-30,Quetta,24.0,84,24.11,7,Middle,1.31
2023-07-01,Quetta,25.9,35,10.13,4,High,1.75
2023-07-02,Lahore,34.1,53,22.28,7,High,1.26
2023-07-03,Karachi,41.7,49,33.39,6,Low,1.73
2023-07-04,Lahore,32.8,87,16.31,5,Low,0.0
2023-07-05,Islamabad,21.6,66,16.99,4,High,4.01
2023-07-06,Lahore,33.1,49,26.58,4,Low,0.18
2023-07-07,Lahore,38.4,41,12.74,8,High,0.78
2023-07-08,Quetta,25.7,62,18.2,4,High,2.21
2023-07-09,Quetta,29.1,57,25.58,8,Middle,0.86
2023-07-10,Quetta,30.1,37,18.19,2,Low,4.4
2023-07-11,Islamabad,24.5,30,20.58,8,High,0.95
2023-07-12,Quetta,34.5,66,26.47,5,Low,3.12
2023-07-13,Karachi,29.2,51,24.53,7,Middle,2.5
2023-07-14,Peshawar,32.9,35,23.6,8,Middle,5.94
2023-07-15,Karachi,23.8,50,19.97,4,Low,3.92
2023-07-16,Karachi,26.9,61,24.22,5,Low,3.43
2023-07-17,Quetta,35.1,64,21.26,8,High,1.97
2023-07-18,Peshawar,27.4,44,24.75,8,Middle,0.69
2023-07-19,Peshawar,42.1,34,19.02,4,Middle,0.17
2023-07-20,Peshawar,27.2,89,20.9,6,Middle,1.75
2023-07-21,Islamabad,31.6,85,16.06,6,Low,5.77
2023-07-22,Quetta,36.5,75,21.79,8,High,1.95
2023-07-23,Peshawar,20.1,79,17.13,6,Low,3.96
2023-07-24,Islamabad,17.7,77,15.32,3,Low,2.45
2023-07-25,Lahore,19.3,35,23.55,4,Low,0.27
2023-07-26,Lahore,38.8,54,23.28,3,High,0.43
2023-07-27,Islamabad,26.1,85,26.7,5,Low,0.63
2023-07-28,Islamabad,47.9,75,19.41,3,Middle,0.28
2023-07-29,Quetta,26.1,88,24.45,5,Middle,1.31
2023-07-30,Quetta,31.3,85,25.3,8,Middle,5.56
2023-07-31,Lahore,40.8,69,24.67,5,High,2.15
2023-08-01,Peshawar,44.0,58,17.05,5,Low,0.83
2023-08-02,Lahore,44.4,36,22.9,7,High,0.01
2023-08-03,Peshawar,38.5,69,24.18,3,Low,0.56
2023-08-04,Peshawar,37.2,42,22.04,7,Middle,1.12
2023-08-05,Quetta,34.1,67,9.48,8,Low,0.59
2023-08-06,Karachi,35.4,47,22.96,4,Low,0.18
2023-08-07,Karachi,26.1,31,35.28,3,Low,0.88
2023-08-08,Islamabad,24.3,37,19.84,4,High,0.44
2023-08-09,Quetta,30.0,40,17.63,4,Low,3.6
2023-08-10,Peshawar,28.8,62,24.24,5,Low,0.16
2023-08-11,Karachi,26.8,83,23.87,3,Low,0.08
2023-08-12,Peshawar,34.9,67,29.16,4,High,0.01
2023-08-13,Karachi,36.7,77,14.45,6,High,0.6
2023-08-14,Karachi,30.6,56,26.39,4,High,1.62
2023-08-15,Karachi,40.3,49,25.54,6,Low,1.97
2023-08-16,Quetta,22.0,41,21.15,3,Middle,0.91
2023-08-17,Lahore,28.6,72,24.03,8,Middle,1.73
2023-08-18,Peshawar,25.0,60,28.18,7,Middle,0.67
2023-08-19,Quetta,16.9,56,27.23,3,Low,1.65
2023-08-20,Quetta,29.4,61,15.14,7,Middle,0.06
2023-08-21,Quetta,29.1,39,26.92,7,Middle,0.74
2023-08-22,Quetta,40.6,32,21.61,3,Middle,2.35
2023-08-23,Quetta,34.4,74,22.44,4,Low,2.44
2023-08-24,Islamabad,22.8,56,22.44,2,Middle,1.89
2023-08-25,Peshawar,43.0,64,21.1,4,Middle,0.34
2023-08-26,Quetta,38.5,60,29.15,4,Low,0.43
2023-08-27,Peshawar,34.1,44,21.5,8,High,8.32
2023-08-28,Islamabad,28.4,45,15.28,5,Middle,0.16
2023-08-29,Islamabad,23.3,42,19.64,5,High,0.3
2023-08-30,Peshawar,27.4,78,23.07,4,Middle,0.21
2023-08-31,Karachi,37.6,64,29.38,6,Low,0.6
2023-09-01,Lahore,43.2,81,25.62,8,High,0.35
2023-09-02,Karachi,40.8,40,16.9,7,High,1.03
2023-09-03,Karachi,26.6,88,36.91,5,High,0.97
2023-09-04,Karachi,22.2,50,23.59,4,High,3.48
2023-09-05,Quetta,31.0,80,29.65,8,Middle,0.05
2023-09-06,Islamabad,17.6,83,21.09,2,Middle,0.58
2023-09-07,Karachi,32.3,40,25.2,6,High,1.36
2023-09-08,Islamabad,29.0,59,27.04,3,Middle,1.39
2023-09-09,Peshawar,26.7,89,29.31,4,High,0.98
2023-09-10,Lahore,18.8,77,28.34,8,High,2.54
2023-09-11,Peshawar,33.6,82,27.23,4,Low,0.1
2023-09-12,Peshawar,26.3,64,20.11,7,High,2.54
2023-09-13,Quetta,21.8,51,18.57,6,Middle,1.02
2023-09-14,Lahore,9.9,67,24.0,5,High,0.22
2023-09-15,Peshawar,29.8,60,27.6,5,Low,3.25
2023-09-16,Peshawar,42.4,43,20.66,5,Middle,1.57
2023-09-17,Lahore,41.6,53,28.39,3,Low,0.27
2023-09-18,Lahore,26.8,79,30.72,8,Low,0.05
2023-09-19,Peshawar,25.8,78,16.5,6,High,0.23
2023-09-20,Lahore,33.3,61,16.98,6,Low,1.41
2023-09-21,Peshawar,23.0,65,21.16,5,Low,0.3
2023-09-22,Peshawar,32.1,61,23.85,5,Middle,0.38
2023-09-23,Quetta,35.4,84,18.85,7,Low,0.04
2023-09-24,Karachi,38.6,44,30.11,2,High,1.93
2023-09-25,Peshawar,29.3,72,24.54,2,High,2.49
2023-09-26,Islamabad,28.6,87,22.24,4,High,2.39
2023-09-27,Karachi,23.9,64,13.38,4,Low,0.2
2023-09-28,Karachi,24.2,32,14.11,6,Middle,3.5
2023-09-29,Karachi,28.4,45,23.69,6,High,1.67
2023-09-30,Quetta,32.6,34,9.2,3,Low,3.42
2023-10-01,Peshawar,36.4,50,28.08,3,High,0.89
2023-10-02,Quetta,24.4,39,21.05,2,High,0.86
2023-10-03,Peshawar,40.4,48,41.46,4,Middle,2.3
2023-10-04,Quetta,28.1,54,35.85,2,High,0.15
2023-10-05,Quetta,29.9,33,20.91,2,Middle,1.1
2023-10-06,Islamabad,24.8,58,21.36,4,Low,2.72
2023-10-07,Quetta,13.0,48,27.97,8,High,2.66
2023-10-08,Lahore,36.2,72,32.22,3,Low,4.69
2023-10-09,Islamabad,35.2,31,12.17,7,Low,1.8
2023-10-10,Quetta,28.0,39,11.28,7,Low,0.35
2023-10-11,Karachi,30.5,72,18.27,7,High,0.03
2023-10-12,Lahore,33.6,54,25.5,4,Middle,0.98
2023-10-13,Lahore,19.1,49,24.98,5,High,1.08
2023-10-14,Lahore,26.3,77,28.42,5,Low,0.41
2023-10-15,Islamabad,35.6,48,14.8,5,Middle,0.2
2023-10-16,Quetta,21.2,52,8.1,6,Low,1.32
2023-10-17,Quetta,32.1,53,27.15,3,Middle,2.17
2023-10-18,Karachi,20.5,40,17.03,3,High,7.48
2023-10-19,Karachi,33.3,75,9.89,8,Middle,2.13
2023-10-20,Lahore,29.8,63,22.87,8,High,2.37
2023-10-21,Karachi,18.7,84,26.76,6,Low,1.44
2023-10-22,Islamabad,38.2,57,21.27,2,Middle,6.39
2023-10-23,Quetta,24.9,34,19.25,8,Low,1.53
2023-10-24,Lahore,24.3,88,21.04,7,Middle,2.95
2023-10-25,Karachi,31.4,34,19.78,5,High,4.37
2023-10-26,Islamabad,38.0,80,13.91,7,Middle,3.99
2023-10-27,Islamabad,22.9,50,17.71,5,Middle,0.72
2023-10-28,Karachi,30.4,41,25.13,7,High,0.12
2023-10-29,Quetta,33.0,79,23.93,2,High,0.28
2023-10-30,Karachi,34.9,33,23.01,7,High,0.09
2023-10-31,Lahore,31.2,83,16.03,7,Middle,0.17
2023-11-01,Karachi,27.4,78,20.91,4,Low,0.31
2023-11-02,Islamabad,24.2,71,8.94,7,Middle,0.63
2023-11-03,Karachi,30.6,49,23.07,4,Middle,1.18
2023-11-04,Quetta,22.5,67,30.57,3,Low,1.87
2023-11-05,Peshawar,9.6,54,13.16,6,High,0.36
2023-11-06,Karachi,33.1,43,18.48,7,Middle,1.67
2023-11-07,Quetta,36.3,40,23.97,3,Low,1.83
2023-11-08,Quetta,13.5,61,29.52,8,High,1.23
2023-11-09,Islamabad,22.9,40,19.31,8,High,3.51
2023-11-10,Quetta,34.3,47,17.85,4,Middle,0.18
2023-11-11,Quetta,44.4,56,10.19,7,High,0.29
2023-11-12,Quetta,30.1,84,22.62,7,High,0.84
2023-11-13,Quetta,24.9,83,34.25,2,Low,0.2
2023-11-14,Lahore,28.7,47,23.66,3,Low,1.25
2023-11-15,Lahore,39.6,85,21.87,5,High,0.76
2023-11-16,Islamabad,25.5,52,23.93,5,Low,0.5
2023-11-17,Karachi,24.4,40,21.93,2,High,0.28
2023-11-18,Quetta,26.6,50,17.12,4,Middle,0.61
2023-11-19,Karachi,23.3,73,26.94,5,Low,1.4
2023-11-20,Karachi,30.9,34,23.35,5,High,1.29
2023-11-21,Islamabad,41.4,52,22.11,8,High,0.27
2023-11-22,Quetta,32.3,70,16.15,8,Low,0.2
2023-11-23,Quetta,28.2,88,29.82,6,Low,0.04
2023-11-24,Peshawar,28.0,54,25.99,3,Middle,0.02
2023-11-25,Karachi,19.1,70,18.68,4,High,3.18
2023-11-26,Karachi,36.2,83,28.01,7,Middle,0.07
2023-11-27,Lahore,29.5,39,19.01,3,Middle,1.97
2023-11-28,Peshawar,28.7,51,17.31,4,Middle,3.08
2023-11-29,Lahore,52.4,48,17.44,5,Low,0.15
2023-11-30,Lahore,32.1,30,11.37,6,Middle,0.86
2023-12-01,Lahore,24.7,36,24.83,3,Low,4.92
2023-12-02,Islamabad,27.0,33,11.01,5,Low,2.69
2023-12-03,Islamabad,38.0,30,14.63,4,Middle,1.01
2023-12-04,Lahore,30.8,44,9.55,3,Middle,2.16
2023-12-05,Peshawar,19.9,69,21.48,7,High,2.69
2023-12-06,Karachi,36.4,41,21.1,3,Middle,0.64
2023-12-07,Peshawar,25.3,51,20.04,5,High,3.34
2023-12-08,Quetta,43.1,51,15.74,3,Middle,0.95
2023-12-09,Islamabad,37.6,79,14.97,7,Middle,1.13
2023-12-10,Karachi,26.9,76,24.79,6,Middle,12.21
2023-12-11,Karachi,39.0,46,18.7,6,Middle,2.78
2023-12-12,Quetta,30.5,58,23.9,5,High,0.67
2023-12-13,Quetta,36.0,75,16.69,4,High,0.02
2023-12-14,Lahore,33.4,43,23.09,5,Middle,1.48
2023-12-15,Islamabad,24.1,79,29.82,6,Middle,1.83
2023-12-16,Islamabad,25.5,49,25.52,2,High,1.58
2023-12-17,Peshawar,37.2,79,19.53,2,Low,5.16
2023-12-18,Lahore,27.7,77,23.54,3,Low,2.98
2023-12-19,Lahore,27.2,62,20.56,7,Low,0.89
2023-12-20,Lahore,23.3,84,22.05,8,High,0.1
2023-12-21,Lahore,33.0,88,20.05,8,High,0.97
2023-12-22,Islamabad,44.4,72,21.01,8,Low,1.75
2023-12-23,Islamabad,22.5,44,23.27,3,Low,1.4
2023-12-24,Lahore,30.2,41,16.04,2,Middle,1.16
2023-12-25,Peshawar,39.9,69,15.9,6,High,0.95
2023-12-26,Karachi,29.4,83,13.67,3,High,0.52
2023-12-27,Karachi,33.2,49,12.4,8,Low,0.49
2023-12-28,Peshawar,22.6,59,14.7,8,Low,1.04
2023-12-29,Lahore,33.0,67,22.96,5,High,0.26
2023-12-30,Islamabad,28.7,32,16.64,8,Middle,0.62
2023-12-31,Karachi,36.9,57,25.08,7,Low,0.59
2024-01-01,Quetta,38.3,85,22.21,8,High,1.33
2024-01-02,Quetta,48.1,55,10.19,5,High,0.1
2024-01-03,Peshawar,34.1,59,25.93,8,Middle,2.66
2024-01-04,Lahore,32.3,42,26.86,7,Middle,1.24
2024-01-05,Karachi,31.4,42,16.04,6,Low,1.67
2024-01-06,Lahore,27.5,31,24.52,3,Low,1.82
2024-01-07,Karachi,32.4,66,16.86,7,Low,0.52
2024-01-08,Peshawar,27.9,78,22.59,5,High,0.95
2024-01-09,Peshawar,31.2,67,14.41,3,Low,4.69
2024-01-10,Quetta,39.2,31,11.24,3,High,2.18
2024-01-11,Lahore,23.0,65,19.7,5,Low,5.24
2024-01-12,Quetta,38.0,83,21.26,2,Middle,2.06
2024-01-13,Lahore,39.2,55,19.61,8,Middle,0.29
2024-01-14,Quetta,29.2,40,14.9,7,High,0.1
2024-01-15,Islamabad,15.1,37,19.6,5,Middle,1.29
2024-01-16,Islamabad,25.7,73,23.62,6,High,0.66
2024-01-17,Islamabad,39.1,69,21.73,4,High,0.48
2024-01-18,Islamabad,29.8,72,23.1,5,Middle,2.47
2024-01-19,Karachi,23.0,51,17.98,8,High,0.69
2024-01-20,Islamabad,26.5,49,29.03,8,Middle,0.57
2024-01-21,Peshawar,35.9,37,14.94,3,Low,2.85
2024-01-22,Peshawar,33.8,58,24.93,3,Low,2.81
2024-01-23,Karachi,28.3,69,29.09,5,Middle,0.66
2024-01-24,Islamabad,27.4,55,24.89,4,Middle,2.68
2024-01-25,Islamabad,27.3,59,20.78,5,Middle,2.85
2024-01-26,Islamabad,23.5,46,18.83,4,Middle,0.83
2024-01-27,Quetta,41.3,49,28.22,4,Low,0.1
2024-01-28,Lahore,27.7,81,13.46,8,High,0.0
2024-01-29,Quetta,38.5,84,16.18,8,High,1.11
2024-01-30,Lahore,40.6,45,19.61,8,Low,0.63
2024-01-31,Islamabad,37.0,75,29.43,6,High,8.78
2024-02-01,Islamabad,27.0,72,24.28,8,Low,2.22
2024-02-02,Quetta,32.8,36,16.19,7,High,2.15
2024-02-03,Quetta,29.8,45,20.14,3,Middle,4.66
2024-02-04,Lahore,23.7,74,18.31,3,Middle,3.28
2024-02-05,Peshawar,32.3,88,17.74,4,Middle,0.57
2024-02-06,Lahore,21.7,76,27.87,3,Low,0.27
2024-02-07,Quetta,38.3,85,13.77,2,Low,2.05
2024-02-08,Quetta,26.7,77,31.65,4,High,0.71
2024-02-09,Karachi,31.4,56,26.97,3,High,0.96
2024-02-10,Quetta,32.0,82,28.55,2,High,1.49
2024-02-11,Karachi,28.2,52,19.22,6,Low,3.58
2024-02-12,Peshawar,34.1,53,21.1,3,High,0.81
2024-02-13,Lahore,26.7,38,13.4,2,Middle,2.29
2024-02-14,Lahore,36.1,64,18.85,5,High,0.47
2024-02-15,Karachi,20.6,80,24.96,7,Middle,1.8
2024-02-16,Lahore,30.9,49,29.78,5,Low,0.0
2024-02-17,Quetta,43.6,66,15.36,2,Middle,3.08
2024-02-18,Islamabad,23.0,71,19.81,4,Middle,0.05
2024-02-19,Karachi,25.3,46,21.09,8,Middle,1.87
2024-02-20,Lahore,33.6,76,13.63,8,Low,0.07
2024-02-21,Karachi,31.3,60,25.55,8,Low,0.46
2024-02-22,Karachi,32.5,84,17.66,4,Low,1.03
2024-02-23,Islamabad,33.4,86,20.83,3,Low,0.82
2024-02-24,Quetta,34.4,37,19.29,8,High,0.32
2024-02-25,Karachi,37.8,44,17.26,5,Low,0.61
2024-02-26,Lahore,32.9,60,21.96,4,Middle,1.95
2024-02-27,Peshawar,28.3,82,20.71,4,Low,1.66
2024-02-28,Karachi,34.7,59,19.77,8,High,0.11
2024-02-29,Karachi,43.3,75,17.63,5,High,2.06
2024-03-01,Islamabad,29.1,49,23.92,6,High,0.08
2024-03-02,Quetta,23.2,89,31.92,4,Middle,1.17
2024-03-03,Peshawar,37.7,68,22.84,8,Low,0.45
2024-03-04,Lahore,29.2,82,27.98,7,Low,1.33
2024-03-05,Peshawar,14.8,84,13.66,2,Low,0.45
2024-03-06,Lahore,35.9,41,22.95,3,Middle,6.3
2024-03-07,Quetta,26.3,78,15.42,4,Middle,0.56
2024-03-08,Lahore,29.4,46,13.14,7,High,0.42
2024-03-09,Islamabad,32.3,71,17.56,7,High,0.49
2024-03-10,Islamabad,31.3,59,29.15,4,Low,3.4
2024-03-11,Islamabad,35.0,58,27.7,6,Middle,1.52
2024-03-12,Islamabad,27.0,48,23.46,2,Middle,1.97
2024-03-13,Peshawar,33.6,75,12.8,3,Low,3.75
2024-03-14,Quetta,28.2,40,20.82,4,Low,3.64
2024-03-15,Lahore,35.2,63,23.81,3,High,2.01
2024-03-16,Lahore,34.3,79,23.05,5,High,0.33
2024-03-17,Islamabad,23.5,36,10.94,7,High,2.78
2024-03-18,Islamabad,37.6,73,16.66,7,Low,0.34
2024-03-19,Karachi,26.2,87,21.62,4,Low,2.04
2024-03-20,Quetta,35.7,63,25.22,4,High,1.74
2024-03-21,Peshawar,32.6,88,8.82,5,High,2.13
2024-03-22,Lahore,42.9,49,21.03,6,Middle,1.14
2024-03-23,Karachi,28.4,79,22.86,4,Middle,1.53
2024-03-24,Karachi,27.6,67,27.1,7,High,4.6
2024-03-25,Lahore,29.9,53,26.16,3,High,0.16
2024-03-26,Peshawar,27.9,39,25.5,2,Middle,0.55
2024-03-27,Karachi,35.6,61,17.2,8,High,1.42
2024-03-28,Karachi,18.7,81,10.55,3,Middle,4.99
2024-03-29,Quetta,22.6,44,19.64,6,Middle,0.15
2024-03-30,Peshawar,22.5,66,28.01,2,Middle,0.03
2024-03-31,Karachi,36.7,49,30.36,3,Low,0.09
2024-04-01,Peshawar,42.0,32,26.26,3,Low,0.08
2024-04-02,Lahore,29.3,66,24.58,5,High,3.58
2024-04-03,Islamabad,28.8,86,24.28,8,Middle,1.92
2024-04-04,Karachi,30.5,69,18.66,6,Low,1.7
2024-04-05,Quetta,38.1,37,21.22,7,High,1.11
2024-04-06,Lahore,23.5,69,32.01,5,High,2.28
2024-04-07,Peshawar,31.7,73,16.34,2,High,0.25
2024-04-08,Lahore,36.8,85,31.69,8,High,0.75
2024-04-09,Karachi,33.5,52,20.07,7,High,1.01
2024-04-10,Peshawar,31.3,69,29.95,5,Middle,0.18
2024-04-11,Islamabad,37.0,40,13.56,8,High,0.82
2024-04-12,Lahore,11.1,75,25.52,6,Middle,0.57
2024-04-13,Karachi,34.7,37,17.58,4,Low,0.05
2024-04-14,Quetta,25.4,58,13.51,4,High,0.22
2024-04-15,Peshawar,17.2,59,23.31,2,Low,2.17
2024-04-16,Lahore,33.6,85,28.06,4,Middle,0.03
2024-04-17,Lahore,39.6,89,16.93,5,Middle,4.08
2024-04-18,Islamabad,29.0,39,13.01,2,Low,0.14
2024-04-19,Islamabad,36.7,68,21.45,7,High,2.41
2024-04-20,Quetta,41.3,57,21.48,6,High,3.43
2024-04-21,Quetta,39.2,78,25.29,2,Low,4.25
2024-04-22,Karachi,41.5,65,27.7,7,Low,3.03
2024-04-23,Karachi,35.2,42,21.64,2,Low,0.51
2024-04-24,Quetta,30.5,61,33.13,3,High,0.61
2024-04-25,Quetta,18.8,65,23.35,3,High,0.83
2024-04-26,Peshawar,28.3,66,19.92,2,High,0.23
2024-04-27,Islamabad,24.1,55,12.33,8,Low,0.03
2024-04-28,Karachi,45.2,51,20.42,4,High,3.05
2024-04-29,Islamabad,28.8,33,19.98,3,Middle,1.21
2024-04-30,Islamabad,30.9,60,27.76,8,Low,1.41
2024-05-01,Quetta,33.9,47,24.77,8,High,3.93
2024-05-02,Peshawar,30.3,67,14.92,6,Low,1.64
2024-05-03,Lahore,41.9,53,23.03,7,Middle,1.76
2024-05-04,Peshawar,25.6,85,26.03,5,Middle,2.32
2024-05-05,Peshawar,31.4,52,31.17,3,Low,0.19
2024-05-06,Islamabad,24.8,51,27.33,2,Low,0.67
2024-05-07,Peshawar,20.8,31,26.57,4,Middle,5.17
2024-05-08,Karachi,25.7,60,22.36,5,Low,3.84
2024-05-09,Islamabad,29.7,84,24.33,7,Middle,3.23
2024-05-10,Karachi,27.0,40,29.5,8,Middle,0.9
2024-05-11,Lahore,25.2,57,14.0,7,High,2.92
2024-05-12,Islamabad,20.2,75,19.9,3,Low,0.07
2024-05-13,Lahore,29.4,61,17.36,7,Low,0.24
2024-05-14,Islamabad,19.5,34,24.27,7,High,0.8
2024-05-15,Quetta,35.3,67,29.38,4,Middle,0.99
2024-05-16,Peshawar,30.6,39,18.42,8,Low,0.46
2024-05-17,Quetta,19.8,69,7.66,4,High,0.66
2024-05-18,Lahore,27.8,75,19.53,4,High,0.27
2024-05-19,Peshawar,24.7,53,27.48,2,Low,1.01
2024-05-20,Islamabad,32.2,64,25.23,7,High,2.37
2024-05-21,Peshawar,39.4,73,24.57,7,Middle,1.62
2024-05-22,Karachi,16.9,77,20.32,7,High,0.17
2024-05-23,Peshawar,30.8,89,14.33,6,Middle,1.0
2024-05-24,Karachi,28.9,52,25.09,4,Middle,1.79
2024-05-25,Peshawar,34.7,46,16.99,5,Low,1.13
2024-05-26,Karachi,31.5,30,35.1,3,High,0.75
2024-05-27,Lahore,24.7,84,25.42,8,Middle,1.46
2024-05-28,Quetta,27.8,60,18.52,5,Middle,5.19
2024-05-29,Islamabad,24.4,60,18.33,8,High,0.15
2024-05-30,Peshawar,37.5,71,21.44,2,Middle,0.74
2024-05-31,Quetta,30.1,86,20.56,2,High,0.78
2024-06-01,Islamabad,43.3,84,28.7,8,Low,1.29
2024-06-02,Islamabad,29.6,71,23.12,7,Middle,0.25
2024-06-03,Karachi,25.0,82,17.61,5,Middle,0.29
2024-06-04,Lahore,19.4,85,33.34,7,High,0.5
2024-06-05,Lahore,17.4,63,22.3,6,High,4.68
2024-06-06,Quetta,18.9,38,26.61,2,High,1.99
2024-06-07,Lahore,31.9,51,18.35,2,High,1.63
2024-06-08,Peshawar,33.6,42,24.18,5,Middle,2.55
2024-06-09,Lahore,18.9,54,23.87,2,Low,0.2
2024-06-10,Quetta,36.3,77,10.66,6,Low,2.94
2024-06-11,Lahore,26.6,47,34.09,6,Low,1.36
2024-06-12,Peshawar,31.0,80,29.74,6,Low,0.61
2024-06-13,Karachi,41.3,41,19.62,3,High,2.54
2024-06-14,Quetta,36.3,69,15.39,6,Middle,2.43
2024-06-15,Karachi,28.1,46,24.09,6,Middle,2.8
2024-06-16,Karachi,23.8,44,22.52,3,Middle,0.18
2024-06-17,Karachi,14.9,71,24.13,7,High,5.23
2024-06-18,Islamabad,25.0,44,23.15,4,Middle,4.81
2024-06-19,Islamabad,28.5,44,25.04,2,High,0.66
2024-06-20,Karachi,23.1,84,30.68,6,Middle,0.1
2024-06-21,Quetta,29.1,68,25.41,2,Low,0.27
2024-06-22,Peshawar,30.5,42,15.7,5,High,7.41
2024-06-23,Peshawar,28.4,46,30.18,2,Middle,1.24
2024-06-24,Lahore,25.4,61,31.84,8,Low,0.66
2024-06-25,Quetta,31.2,38,40.91,7,Low,0.51
2024-06-26,Islamabad,33.1,69,15.26,3,Low,0.45
2024-06-27,Karachi,22.4,49,23.46,2,High,1.64
2024-06-28,Lahore,39.9,55,9.51,2,High,0.82
2024-06-29,Peshawar,29.3,56,25.32,2,Middle,5.05
2024-06-30,Islamabad,30.1,50,18.71,4,Low,1.73
2024-07-01,Islamabad,35.0,47,33.54,4,Middle,2.36
2024-07-02,Karachi,31.6,42,17.35,5,Middle,0.52
2024-07-03,Peshawar,36.7,45,11.86,3,Low,0.12
2024-07-04,Quetta,32.0,38,19.17,2,Middle,1.0
2024-07-05,Islamabad,25.7,41,10.15,2,High,0.57
2024-07-06,Karachi,32.5,73,26.51,2,Middle,0.34
2024-07-07,Quetta,22.0,67,9.61,2,Low,4.58
2024-07-08,Peshawar,30.8,48,22.17,4,High,0.88
2024-07-09,Islamabad,29.8,89,9.53,7,High,0.29
2024-07-10,Quetta,28.5,36,20.08,7,Middle,0.33
2024-07-11,Quetta,29.1,86,31.86,5,Middle,0.49
2024-07-12,Quetta,16.8,64,24.16,8,High,10.93
2024-07-13,Islamabad,26.2,77,16.82,6,Middle,0.47
2024-07-14,Islamabad,30.6,47,21.81,3,Low,0.6
2024-07-15,Lahore,31.1,45,22.11,7,Middle,1.62
2024-07-16,Peshawar,22.8,84,24.84,8,Middle,0.52
2024-07-17,Karachi,38.9,68,13.8,2,High,0.36
2024-07-18,Quetta,23.9,33,25.56,7,Middle,0.26
2024-07-19,Lahore,36.8,88,5.77,5,Middle,0.56
2024-07-20,Karachi,33.0,54,18.22,6,Middle,0.17
2024-07-21,Lahore,25.5,61,19.07,7,Low,0.03
2024-07-22,Islamabad,42.4,69,25.8,5,Middle,2.45
2024-07-23,Quetta,21.6,42,22.14,4,Low,0.22
2024-07-24,Karachi,36.4,74,13.57,6,Low,2.24
2024-07-25,Karachi,37.0,46,16.09,5,Low,2.4
2024-07-26,Karachi,25.3,78,23.19,8,Low,1.16
2024-07-27,Karachi,39.7,66,21.53,7,High,0.56
2024-07-28,Karachi,28.2,35,18.53,4,Low,0.24
2024-07-29,Lahore,32.0,48,19.11,8,Middle,2.0
2024-07-30,Quetta,31.8,42,26.18,5,Low,1.38
2024-07-31,Islamabad,29.1,86,18.89,5,Middle,1.6
2024-08-01,Islamabad,35.7,89,21.47,8,Low,0.01
2024-08-02,Islamabad,35.6,55,35.02,7,High,3.94
2024-08-03,Islamabad,17.8,43,13.46,6,Low,0.1
2024-08-04,Lahore,39.1,60,10.89,4,Low,0.69
2024-08-05,Peshawar,18.4,83,26.7,2,High,0.77
2024-08-06,Quetta,37.2,33,17.93,3,Low,0.0
2024-08-07,Karachi,37.9,89,20.09,6,Middle,1.03
2024-08-08,Peshawar,22.4,68,17.31,4,Low,2.1
2024-08-09,Islamabad,27.1,37,20.44,8,Low,2.6
2024-08-10,Peshawar,22.3,54,31.59,5,Low,3.17
2024-08-11,Quetta,28.5,42,26.81,8,High,1.0
2024-08-12,Karachi,27.8,61,27.17,4,Low,1.49
2024-08-13,Karachi,35.5,88,13.5,8,Low,0.12
2024-08-14,Quetta,39.2,67,15.09,8,Middle,1.0
2024-08-15,Quetta,39.8,67,4.97,3,Low,0.25
2024-08-16,Islamabad,26.1,85,17.14,7,Low,0.69
2024-08-17,Karachi,28.5,57,27.74,3,Low,0.6
2024-08-18,Peshawar,18.2,82,25.1,2,Low,0.83
2024-08-19,Lahore,24.4,59,20.67,2,Middle,1.27
2024-08-20,Lahore,36.8,32,21.87,3,Middle,3.5
2024-08-21,Quetta,41.3,57,17.87,6,High,0.75
2024-08-22,Islamabad,21.4,32,23.23,6,Low,5.96
2024-08-23,Lahore,25.9,74,26.6,8,High,2.13
2024-08-24,Karachi,29.8,83,12.3,8,High,1.07
2024-08-25,Quetta,32.0,63,23.8,5,Low,1.55
2024-08-26,Peshawar,24.3,45,27.59,2,Middle,0.16
2024-08-27,Quetta,33.0,51,19.51,5,Middle,2.79
2024-08-28,Peshawar,26.7,61,26.2,2,Low,1.31
2024-08-29,Quetta,29.9,67,38.89,3,Low,6.41
2024-08-30,Quetta,33.8,37,21.37,6,Middle,1.52
2024-08-31,Quetta,30.0,84,24.36,8,Low,2.69
2024-09-01,Peshawar,26.9,37,17.57,6,Low,2.41
2024-09-02,Peshawar,29.2,86,23.09,3,Low,0.64
2024-09-03,Quetta,29.4,35,24.76,5,Middle,0.45
2024-09-04,Lahore,27.4,43,23.17,5,High,0.84
2024-09-05,Islamabad,28.2,61,15.88,4,High,0.94
2024-09-06,Islamabad,41.2,64,23.24,8,Low,0.41
2024-09-07,Islamabad,33.9,39,30.77,8,Middle,3.37
2024-09-08,Peshawar,27.9,32,24.69,8,Low,1.17
2024-09-09,Peshawar,34.9,88,27.77,2,Middle,5.76
2024-09-10,Lahore,27.7,41,20.58,5,Low,2.49
2024-09-11,Islamabad,38.2,78,26.5,3,Middle,1.22
2024-09-12,Islamabad,32.6,88,23.68,5,Middle,4.41
2024-09-13,Quetta,29.2,60,16.29,6,High,1.05
2024-09-14,Peshawar,33.1,58,23.91,2,Low,3.27
2024-09-15,Islamabad,19.0,34,16.05,8,High,0.67
2024-09-16,Lahore,22.1,81,18.2,7,High,0.71
2024-09-17,Lahore,21.6,54,23.14,4,Middle,0.81
2024-09-18,Islamabad,31.0,70,23.78,2,Low,1.19
2024-09-19,Peshawar,42.1,60,14.86,6,Middle,1.21
2024-09-20,Lahore,45.6,50,28.32,8,Middle,1.03
2024-09-21,Quetta,34.5,87,25.43,6,Middle,0.55
2024-09-22,Lahore,33.5,49,17.77,6,Low,3.93
2024-09-23,Karachi,17.4,68,12.77,8,Low,1.33
2024-09-24,Karachi,26.2,51,21.13,6,Middle,0.79
2024-09-25,Peshawar,24.5,33,19.32,3,Low,1.58
2024-09-26,Islamabad,25.7,42,22.68,4,Middle,2.19
2024-09-27,Peshawar,28.8,74,19.82,7,Low,4.86
2024-09-28,Peshawar,26.7,71,9.96,6,Low,1.04
2024-09-29,Peshawar,16.1,79,19.67,6,High,0.18
2024-09-30,Peshawar,35.2,78,20.17,5,Middle,0.87
2024-10-01,Quetta,22.5,49,25.8,4,High,0.98
2024-10-02,Quetta,31.7,81,17.81,2,High,3.41
2024-10-03,Lahore,44.5,42,32.07,4,Middle,0.75
2024-10-04,Karachi,23.6,46,10.53,4,Middle,4.6
2024-10-05,Peshawar,12.3,83,29.87,8,Low,1.0
2024-10-06,Lahore,28.0,65,20.65,8,Middle,5.46
2024-10-07,Karachi,37.7,62,27.16,8,High,0.01
2024-10-08,Islamabad,43.7,30,22.48,7,High,3.44
2024-10-09,Quetta,21.4,44,28.84,4,Middle,4.01
2024-10-10,Karachi,33.5,42,19.68,7,High,4.87
2024-10-11,Islamabad,26.7,46,15.41,6,Low,0.02
2024-10-12,Karachi,29.3,53,30.52,8,High,0.28
2024-10-13,Quetta,48.5,87,21.32,6,Low,1.59
2024-10-14,Quetta,19.5,37,23.33,8,High,0.04
2024-10-15,Lahore,31.8,79,29.41,3,Low,0.1
2024-10-16,Peshawar,33.3,56,15.81,7,Low,0.37
2024-10-17,Karachi,37.6,74,25.57,7,Middle,1.08
2024-10-18,Karachi,30.7,52,18.46,2,Low,1.18
2024-10-19,Islamabad,32.2,75,21.21,5,Middle,0.05
2024-10-20,Quetta,27.3,37,22.43,4,High,0.28
2024-10-21,Karachi,31.9,37,13.0,2,High,1.04
2024-10-22,Quetta,27.6,88,17.33,7,High,1.35
2024-10-23,Karachi,34.4,55,30.11,2,Low,0.24
2024-10-24,Lahore,27.4,76,27.32,3,High,0.76
2024-10-25,Peshawar,32.6,88,21.62,5,High,3.52
2024-10-26,Karachi,29.8,42,23.46,7,Middle,10.22
2024-10-27,Quetta,37.9,68,20.23,7,Middle,6.54
2024-10-28,Lahore,29.6,66,30.14,4,High,3.2
2024-10-29,Karachi,17.6,78,20.8,8,High,0.75
2024-10-30,Islamabad,38.8,57,23.39,5,Low,1.74
2024-10-31,Peshawar,23.7,54,28.88,3,Low,0.81
2024-11-01,Karachi,25.4,45,17.34,6,High,1.57
2024-11-02,Lahore,25.8,84,31.35,2,Middle,0.56
2024-11-03,Islamabad,39.6,31,12.82,4,High,1.4
2024-11-04,Lahore,15.1,83,31.78,7,Low,1.11
2024-11-05,Lahore,52.0,47,19.76,6,Middle,0.04
2024-11-06,Islamabad,37.4,46,20.54,3,Middle,2.35
2024-11-07,Lahore,31.6,59,10.66,5,Low,0.02
2024-11-08,Islamabad,29.6,68,19.27,2,High,0.52
2024-11-09,Karachi,32.0,42,15.76,4,High,0.01
2024-11-10,Islamabad,33.6,61,18.35,7,High,0.71
2024-11-11,Islamabad,34.5,79,21.18,7,Low,0.1
2024-11-12,Peshawar,33.9,58,27.75,6,Middle,3.67
2024-11-13,Islamabad,30.6,75,23.25,6,Low,0.81
2024-11-14,Islamabad,28.6,59,23.85,2,High,0.92
2024-11-15,Karachi,28.9,47,15.43,5,Low,0.65
2024-11-16,Peshawar,28.6,42,16.72,3,Middle,1.48
2024-11-17,Quetta,37.9,72,32.79,8,Low,2.3
2024-11-18,Karachi,34.2,50,17.59,5,High,1.57
2024-11-19,Karachi,9.4,59,31.94,5,Middle,2.07
2024-11-20,Quetta,34.6,50,20.54,5,Low,3.55
2024-11-21,Islamabad,31.4,77,22.01,8,Low,2.99
2024-11-22,Lahore,29.9,84,28.42,2,Middle,1.68
2024-11-23,Peshawar,27.3,46,29.63,8,Middle,0.36
2024-11-24,Lahore,37.9,69,21.34,2,High,1.52
2024-11-25,Quetta,36.6,48,19.67,8,Middle,1.06
2024-11-26,Karachi,24.6,81,21.66,3,High,1.89
2024-11-27,Karachi,32.8,44,24.03,5,Low,2.68
2024-11-28,Peshawar,23.2,38,27.35,2,High,2.04
2024-11-29,Karachi,20.3,81,22.03,8,Low,2.81
2024-11-30,Karachi,25.6,39,25.71,3,Middle,0.1
2024-12-01,Peshawar,36.0,73,31.83,8,Low,0.05
2024-12-02,Peshawar,36.7,60,24.29,7,Middle,0.45
2024-12-03,Quetta,33.6,82,23.87,3,Low,3.46
2024-12-04,Karachi,35.1,52,12.89,5,Low,2.6
2024-12-05,Karachi,33.6,81,6.22,4,Low,1.72
2024-12-06,Quetta,25.5,59,24.33,5,Low,1.81
2024-12-07,Islamabad,33.0,62,21.43,4,High,1.95
2024-12-08,Islamabad,35.6,86,18.91,3,Low,4.29
2024-12-09,Islamabad,35.3,81,23.46,7,High,2.68
2024-12-10,Quetta,38.3,38,21.64,7,Middle,1.46
2024-12-11,Karachi,35.0,83,28.77,2,Middle,1.64
2024-12-12,Quetta,32.5,76,22.52,7,High,0.36
2024-12-13,Quetta,37.5,30,17.52,6,Middle,1.61
2024-12-14,Islamabad,29.8,73,27.94,3,Middle,0.83
2024-12-15,Lahore,23.8,64,20.7,2,Low,0.25
2024-12-16,Karachi,28.9,40,25.16,7,Low,2.46
2024-12-17,Islamabad,24.8,63,19.14,3,Low,1.07
2024-12-18,Lahore,25.3,45,18.1,5,High,5.69
2024-12-19,Lahore,29.0,38,22.51,7,High,0.5
2024-12-20,Peshawar,24.5,61,22.08,8,Middle,0.98
2024-12-21,Karachi,27.8,44,24.88,4,Low,0.89
2024-12-22,Lahore,16.7,41,20.39,3,High,0.19
2024-12-23,Islamabad,31.5,62,10.98,2,High,0.83
2024-12-24,Peshawar,30.0,74,19.4,5,Low,0.51
2024-12-25,Karachi,24.3,43,26.76,6,High,0.26
2024-12-26,Quetta,34.6,86,20.22,5,Low,0.5
2024-12-27,Islamabad,36.6,86,20.52,7,Middle,0.4
2024-12-28,Lahore,18.7,37,27.92,4,Middle,1.99
2024-12-29,Lahore,24.7,37,17.73,5,Middle,0.05
2024-12-30,Islamabad,24.6,56,12.74,6,Low,1.44
2024-12-31,Lahore,23.4,41,21.04,8,High,2.14
2025-01-01,Peshawar,35.8,30,19.09,2,Middle,0.98
2025-01-02,Karachi,28.6,72,16.2,3,Middle,4.02
2025-01-03,Peshawar,28.1,69,20.95,4,Middle,1.85
2025-01-04,Lahore,16.0,71,24.95,6,High,2.07
2025-01-05,Quetta,34.4,80,21.94,7,High,0.33
2025-01-06,Karachi,21.3,40,23.84,7,Low,2.25
2025-01-07,Karachi,30.4,68,32.88,7,Middle,2.68
2025-01-08,Islamabad,31.9,72,19.94,4,High,0.67
2025-01-09,Islamabad,39.5,60,23.67,5,Low,0.36
2025-01-10,Quetta,20.8,46,18.94,4,Middle,0.73
2025-01-11,Karachi,8.9,62,16.92,7,High,2.02
2025-01-12,Quetta,31.3,61,18.49,8,High,0.81
2025-01-13,Islamabad,42.6,87,19.13,6,Low,2.0
2025-01-14,Islamabad,38.7,58,24.16,3,Middle,0.18
2025-01-15,Karachi,31.5,50,36.09,3,Middle,2.46
2025-01-16,Peshawar,26.6,50,17.7,4,High,0.44
2025-01-17,Lahore,35.6,69,19.5,7,Middle,0.43
2025-01-18,Islamabad,23.2,52,21.62,2,Low,1.34
2025-01-19,Islamabad,33.3,85,24.37,8,High,0.11
2025-01-20,Peshawar,33.5,35,23.58,4,High,0.04
2025-01-21,Peshawar,37.4,51,29.7,7,Low,0.45
2025-01-22,Quetta,49.3,79,7.44,5,High,1.16
2025-01-23,Quetta,32.7,67,7.68,3,Middle,3.57
2025-01-24,Lahore,26.4,66,19.02,3,Middle,2.81
2025-01-25,Lahore,29.8,74,28.58,8,High,1.01
2025-01-26,Karachi,17.6,80,12.61,3,Low,0.06
2025-01-27,Quetta,25.1,83,3.95,2,Low,1.15
2025-01-28,Islamabad,27.1,37,25.43,7,Middle,1.83
2025-01-29,Quetta,26.3,70,23.46,7,Low,0.62
2025-01-30,Islamabad,31.1,78,15.46,8,High,0.18
2025-01-31,Peshawar,24.2,64,16.09,7,High,0.49
2025-02-01,Quetta,37.8,80,16.18,8,Middle,2.21
2025-02-02,Peshawar,30.0,40,22.66,7,Middle,0.65
2025-02-03,Lahore,29.9,53,18.24,2,Middle,2.51
2025-02-04,Lahore,27.7,78,24.96,6,Low,0.58
2025-02-05,Karachi,31.1,50,4.87,4,High,0.27
2025-02-06,Quetta,35.8,80,16.86,4,High,0.86
2025-02-07,Peshawar,23.9,31,15.24,7,High,0.9
2025-02-08,Islamabad,25.4,69,20.46,5,Middle,0.02
2025-02-09,Lahore,27.9,48,18.77,3,High,0.19
2025-02-10,Lahore,20.6,68,26.79,2,Low,0.31
2025-02-11,Islamabad,24.3,57,10.84,5,Low,0.18
2025-02-12,Peshawar,26.7,88,22.27,5,High,0.63
2025-02-13,Peshawar,36.1,46,25.35,7,Middle,5.01
2025-02-14,Quetta,31.8,35,33.14,2,High,1.07
2025-02-15,Quetta,31.4,48,19.11,4,Low,1.48
2025-02-16,Karachi,36.0,85,23.95,3,Low,0.66
2025-02-17,Lahore,29.0,67,11.18,4,Low,0.59
2025-02-18,Quetta,32.7,57,7.65,5,High,0.04
2025-02-19,Peshawar,29.3,31,27.07,3,Low,1.04
2025-02-20,Islamabad,31.9,67,21.97,6,Middle,0.99
2025-02-21,Peshawar,25.9,84,29.07,5,High,0.26
2025-02-22,Lahore,12.9,66,13.76,4,High,2.17
2025-02-23,Peshawar,29.1,80,25.12,4,Low,1.02
2025-02-24,Karachi,40.0,81,33.21,7,Low,0.62
2025-02-25,Lahore,36.5,33,24.52,4,Middle,0.24
2025-02-26,Islamabad,36.8,51,23.66,2,High,1.2
2025-02-27,Karachi,38.7,55,22.05,5,Low,2.1
2025-02-28,Lahore,30.6,78,12.57,8,Middle,0.5
2025-03-01,Islamabad,31.4,72,30.13,8,Low,0.37
2025-03-02,Karachi,25.7,65,18.33,3,High,1.11
2025-03-03,Karachi,27.8,87,25.03,4,Low,0.25
2025-03-04,Lahore,34.3,42,12.62,7,High,1.65
2025-03-05,Quetta,38.4,81,14.92,7,Low,1.39
2025-03-06,Karachi,29.0,87,30.61,4,High,0.14
2025-03-07,Karachi,26.8,61,19.92,2,Middle,0.06
2025-03-08,Islamabad,30.0,46,30.72,7,High,1.45
2025-03-09,Peshawar,34.2,70,21.53,8,Middle,0.52
2025-03-10,Lahore,19.9,65,10.95,3,High,0.14
2025-03-11,Lahore,13.9,84,27.35,5,Middle,2.14
2025-03-12,Quetta,26.1,89,18.46,6,Low,0.57
2025-03-13,Quetta,21.5,75,26.19,2,High,0.92
2025-03-14,Lahore,26.4,48,22.15,7,Low,0.41
2025-03-15,Quetta,29.0,87,12.74,5,Middle,1.48
2025-03-16,Islamabad,26.8,89,22.99,6,High,0.54
2025-03-17,Lahore,40.2,64,35.18,4,High,5.16
2025-03-18,Quetta,32.3,75,24.96,4,Low,1.82
2025-03-19,Lahore,32.1,69,21.65,3,High,0.22
2025-03-20,Peshawar,34.4,85,28.45,6,High,0.81
2025-03-21,Karachi,22.0,88,23.26,4,Low,0.73
2025-03-22,Lahore,37.3,57,23.26,4,High,1.15
2025-03-23,Karachi,29.5,30,15.45,8,Low,2.77
2025-03-24,Quetta,34.7,71,23.4,7,Low,1.31
2025-03-25,Karachi,22.5,47,28.21,3,Low,0.1
2025-03-26,Lahore,19.1,77,16.98,5,Low,1.6
2025-03-27,Peshawar,35.7,69,30.55,4,Low,0.01
2025-03-28,Quetta,32.6,62,21.45,8,Middle,2.27
2025-03-29,Lahore,23.7,41,16.67,2,Middle,1.65
2025-03-30,Quetta,23.9,37,27.99,2,Low,0.55
2025-03-31,Islamabad,37.9,53,20.28,5,Middle,0.52
2025-04-01,Karachi,21.7,45,26.56,6,Middle,2.4
2025-04-02,Islamabad,41.5,79,20.25,3,High,2.29
2025-04-03,Lahore,23.7,33,21.64,8,Low,0.65
2025-04-04,Peshawar,34.5,67,24.96,7,Middle,0.53
2025-04-05,Quetta,27.7,73,23.75,8,High,1.23
2025-04-06,Karachi,34.2,56,10.03,2,High,0.01
2025-04-07,Quetta,26.2,38,15.27,2,Low,0.13
2025-04-08,Lahore,28.9,76,27.58,5,Low,0.2
2025-04-09,Quetta,30.3,45,21.21,6,High,0.31
2025-04-10,Karachi,23.0,85,18.86,6,Low,1.08
2025-04-11,Lahore,35.2,41,13.85,5,Low,7.29
2025-04-12,Quetta,26.4,60,15.52,8,High,1.59
2025-04-13,Peshawar,28.4,53,9.87,2,High,0.09
2025-04-14,Lahore,23.0,84,21.39,8,Low,1.12
2025-04-15,Lahore,12.1,43,18.41,8,Middle,1.03
2025-04-16,Peshawar,28.7,74,16.2,3,Low,0.23
2025-04-17,Islamabad,46.9,54,21.59,2,Middle,3.79
2025-04-18,Karachi,35.5,63,24.18,6,High,0.87
2025-04-19,Islamabad,29.9,32,34.56,7,Middle,7.82
2025-04-20,Quetta,28.2,87,12.93,8,High,0.82
2025-04-21,Peshawar,30.2,53,28.96,2,Low,1.4
2025-04-22,Islamabad,33.8,83,27.84,8,Low,0.17
2025-04-23,Lahore,21.7,71,17.33,3,High,0.91
2025-04-24,Quetta,37.8,38,23.22,4,High,0.41
2025-04-25,Quetta,35.0,55,19.25,2,High,2.71
2025-04-26,Islamabad,35.0,49,23.11,5,Low,2.3
2025-04-27,Islamabad,33.1,69,31.05,4,Low,2.61
2025-04-28,Peshawar,30.1,39,25.63,8,Middle,1.93
2025-04-29,Karachi,34.7,48,25.05,5,High,2.68
2025-04-30,Islamabad,34.1,32,19.42,5,Middle,0.34
2025-05-01,Islamabad,27.5,53,13.1,5,Low,0.9
2025-05-02,Lahore,26.0,34,20.75,2,Middle,1.77
2025-05-03,Quetta,30.7,32,29.24,6,Middle,1.52
2025-05-04,Karachi,40.8,87,12.84,8,Low,1.89
2025-05-05,Lahore,21.3,56,15.67,4,Low,0.38
2025-05-06,Peshawar,19.7,45,22.76,3,High,0.16
2025-05-07,Peshawar,31.2,78,16.09,6,Middle,3.73
2025-05-08,Islamabad,30.4,44,17.24,8,Low,1.23
2025-05-09,Islamabad,31.2,64,19.46,2,Low,0.25
2025-05-10,Peshawar,31.7,41,13.81,5,Middle,2.37
2025-05-11,Islamabad,28.4,70,16.16,3,Low,3.7
2025-05-12,Karachi,40.4,82,26.22,8,High,0.28
2025-05-13,Islamabad,18.8,73,14.16,4,High,2.55
2025-05-14,Quetta,24.2,55,12.41,8,Middle,4.06
2025-05-15,Islamabad,29.3,76,18.22,6,High,4.18
2025-05-16,Lahore,18.5,63,26.39,7,Low,3.68
2025-05-17,Karachi,28.8,52,20.82,6,Low,1.19
2025-05-18,Lahore,41.6,60,19.21,8,Low,0.66
2025-05-19,Lahore,30.1,79,22.27,3,Low,0.01
2025-05-20,Quetta,31.6,49,11.53,8,Middle,0.09
2025-05-21,Karachi,21.2,41,24.97,8,High,0.84
2025-05-22,Karachi,25.7,52,24.3,2,High,0.76
2025-05-23,Karachi,27.4,33,19.54,4,Low,0.31
2025-05-24,Karachi,27.8,52,28.04,3,Middle,0.75
2025-05-25,Karachi,39.0,77,15.24,8,Low,0.29
2025-05-26,Quetta,33.9,84,28.77,5,Low,2.83
2025-05-27,Islamabad,22.2,77,22.93,4,Middle,0.53
2025-05-28,Lahore,31.7,30,19.98,6,Middle,1.37
2025-05-29,Karachi,33.5,83,21.88,3,Low,1.05
2025-05-30,Islamabad,38.0,54,21.36,6,High,0.08
2025-05-31,Islamabad,41.1,31,29.32,8,Low,4.28
2025-06-01,Lahore,22.9,59,15.54,6,High,1.12
2025-06-02,Quetta,24.3,32,17.42,6,High,0.59
2025-06-03,Peshawar,21.2,87,28.22,2,Middle,0.26
2025-06-04,Peshawar,28.4,50,18.43,6,Middle,0.62
2025-06-05,Islamabad,33.3,54,27.4,5,Low,0.03
2025-06-06,Lahore,36.9,49,32.2,5,High,0.68
2025-06-07,Peshawar,29.5,78,19.59,4,High,1.14
2025-06-08,Islamabad,27.8,81,26.09,8,Low,3.08
2025-06-09,Quetta,31.1,51,15.08,7,Low,1.74
2025-06-10,Peshawar,24.2,50,26.53,6,Low,0.18
2025-06-11,Islamabad,44.6,62,23.2,6,Middle,0.24
2025-06-12,Islamabad,18.7,81,24.84,3,Low,0.84
2025-06-13,Karachi,31.3,67,18.13,2,Low,0.33
2025-06-14,Quetta,44.2,44,12.03,7,High,0.04
2025-06-15,Karachi,30.0,87,25.02,4,Low,2.45
2025-06-16,Lahore,28.7,87,9.62,7,High,0.03
2025-06-17,Karachi,27.5,75,20.1,6,High,2.66
2025-06-18,Karachi,28.7,81,27.65,3,Middle,0.23
2025-06-19,Peshawar,39.6,44,23.15,8,Low,5.51
2025-06-20,Islamabad,14.5,75,33.69,2,Low,1.39
2025-06-21,Quetta,40.7,54,28.15,8,High,1.99
2025-06-22,Karachi,20.0,50,18.08,4,Middle,0.18
2025-06-23,Quetta,28.1,53,22.16,7,Middle,2.97
2025-06-24,Karachi,27.0,86,21.72,4,Low,2.74
2025-06-25,Lahore,34.1,87,12.51,6,High,1.59
2025-06-26,Karachi,18.8,34,16.36,4,Low,1.05
2025-06-27,Peshawar,33.2,35,18.64,8,Low,1.92
2025-06-28,Islamabad,44.2,78,9.78,3,Low,0.01
2025-06-29,Lahore,20.5,72,22.28,4,Low,1.35
2025-06-30,Karachi,31.3,77,20.51,5,High,2.82
2025-07-01,Quetta,25.4,73,11.96,3,Middle,0.66
2025-07-02,Lahore,33.0,76,24.43,7,Low,0.17
2025-07-03,Lahore,30.1,52,26.3,2,Low,0.82
2025-07-04,Karachi,25.5,33,23.36,2,Low,1.95
2025-07-05,Lahore,33.4,56,20.06,6,Low,0.17
2025-07-06,Quetta,42.6,47,25.55,6,Middle,0.35
2025-07-07,Lahore,28.7,50,26.08,5,Middle,0.24
2025-07-08,Quetta,35.0,57,23.84,7,Middle,2.39
2025-07-09,Karachi,20.9,64,17.05,8,Middle,0.1
2025-07-10,Islamabad,23.3,51,23.66,2,Low,1.74
2025-07-11,Lahore,33.3,69,29.17,2,High,0.68
2025-07-12,Islamabad,40.4,52,18.42,2,Middle,2.11
2025-07-13,Quetta,32.5,32,34.59,8,Middle,5.0
2025-07-14,Lahore,27.8,69,18.85,2,Low,0.18
2025-07-15,Peshawar,30.0,79,22.19,4,Low,0.57
2025-07-16,Islamabad,21.2,39,17.97,7,Low,2.49
2025-07-17,Lahore,34.2,54,23.34,3,Low,0.46
2025-07-18,Islamabad,36.2,81,11.55,3,High,0.36
2025-07-19,Lahore,26.8,78,18.72,5,High,2.62
2025-07-20,Karachi,26.7,37,15.45,4,Middle,6.52
2025-07-21,Islamabad,31.9,84,22.81,2,High,1.22
2025-07-22,Peshawar,26.9,40,27.97,2,Middle,0.49
2025-07-23,Peshawar,29.5,34,25.88,6,Middle,0.76
2025-07-24,Quetta,44.7,87,7.77,6,High,0.28
2025-07-25,Lahore,28.3,74,34.25,5,Middle,2.15
2025-07-26,Islamabad,27.5,82,23.77,2,Low,2.23
2025-07-27,Quetta,25.5,84,17.34,5,Middle,3.12
2025-07-28,Islamabad,35.2,66,22.94,4,Low,0.04
2025-07-29,Lahore,28.7,85,23.06,3,High,1.24
2025-07-30,Peshawar,25.5,88,18.0,2,High,0.36
2025-07-31,Karachi,39.2,74,23.19,7,Middle,0.63
2025-08-01,Peshawar,39.9,67,18.36,8,Low,2.31
2025-08-02,Quetta,25.8,58,19.57,4,Middle,0.32
2025-08-03,Karachi,16.9,34,17.88,2,High,1.53
2025-08-04,Quetta,37.1,38,13.4,8,Middle,1.59
2025-08-05,Lahore,25.2,88,22.88,7,Middle,4.62
2025-08-06,Karachi,35.5,77,25.51,6,Low,2.24
2025-08-07,Quetta,16.2,31,25.09,5,High,2.44
2025-08-08,Lahore,36.2,30,26.92,6,Middle,1.14
2025-08-09,Peshawar,21.5,69,23.95,3,Low,0.31
2025-08-10,Lahore,35.1,89,18.8,6,Middle,0.83
2025-08-11,Islamabad,30.1,80,27.04,2,Low,1.2
2025-08-12,Lahore,23.3,59,13.85,7,Low,1.7
2025-08-13,Lahore,27.2,40,16.6,6,Middle,1.4
2025-08-14,Islamabad,34.8,57,16.21,2,High,0.75
2025-08-15,Quetta,30.7,73,28.48,3,High,0.46
2025-08-16,Quetta,34.1,41,27.66,8,Low,0.28
2025-08-17,Lahore,43.8,68,24.92,7,High,1.78
2025-08-18,Islamabad,19.1,55,28.43,6,Low,1.56
2025-08-19,Islamabad,41.3,42,16.72,5,High,1.74
2025-08-20,Peshawar,30.7,88,24.09,5,Middle,0.7
2025-08-21,Quetta,23.7,37,21.25,7,High,0.46
2025-08-22,Karachi,20.7,83,27.08,5,Low,2.14
2025-08-23,Quetta,28.7,57,21.31,6,Low,2.23
2025-08-24,Quetta,36.5,87,19.69,6,High,0.91
2025-08-25,Peshawar,29.1,59,25.25,7,Middle,1.42
2025-08-26,Karachi,40.6,38,27.26,6,Low,0.7
2025-08-27,Peshawar,19.8,68,17.99,8,Low,1.82
2025-08-28,Karachi,29.9,60,21.63,2,Low,2.71
2025-08-29,Lahore,21.2,87,15.65,3,Low,1.75
2025-08-30,Karachi,32.5,50,7.01,8,Low,1.08
2025-08-31,Peshawar,36.2,85,23.2,8,Middle,0.92
2025-09-01,Quetta,27.1,76,25.65,5,High,1.54
2025-09-02,Karachi,11.8,63,23.57,2,Middle,1.71
2025-09-03,Karachi,31.4,84,10.3,7,Middle,1.23
2025-09-04,Islamabad,33.1,60,19.89,5,Low,1.47
2025-09-05,Quetta,32.8,81,8.69,2,Middle,0.15
2025-09-06,Lahore,38.7,54,30.22,6,Low,4.55
2025-09-07,Peshawar,22.5,41,15.48,7,Middle,2.35
2025-09-08,Lahore,34.8,30,29.53,7,Low,0.7
2025-09-09,Quetta,38.3,84,27.68,5,Low,1.24
2025-09-10,Karachi,17.5,51,16.6,6,Middle,0.07
2025-09-11,Karachi,32.2,69,15.2,5,Middle,0.06
2025-09-12,Quetta,26.5,66,24.1,4,High,0.43
2025-09-13,Karachi,29.4,76,16.93,2,High,1.76
2025-09-14,Karachi,32.4,30,22.61,4,High,2.87
2025-09-15,Karachi,26.6,30,19.1,2,Middle,1.23
2025-09-16,Peshawar,25.3,86,11.31,3,Middle,1.14
2025-09-17,Peshawar,30.2,71,8.62,8,Low,0.77
2025-09-18,Islamabad,22.4,83,23.36,7,High,0.26
2025-09-19,Lahore,22.4,71,18.63,5,Low,0.19
2025-09-20,Quetta,34.8,50,18.68,3,Low,2.14
2025-09-21,Quetta,22.0,44,26.18,3,Low,3.94
2025-09-22,Quetta,34.7,46,29.04,7,Low,0.92
2025-09-23,Islamabad,33.2,51,20.36,7,High,1.62
2025-09-24,Peshawar,17.9,67,19.96,2,Low,3.69
2025-09-25,Islamabad,25.3,64,25.0,4,Middle,0.14
2025-09-26,Quetta,38.4,74,13.86,6,Middle,2.21
2025-09-27,Lahore,23.1,45,23.34,2,Middle,1.44
2025-09-28,Karachi,26.7,37,25.31,6,High,1.37
2025-09-29,Peshawar,33.2,76,26.08,3,Low,0.52
2025-09-30,Peshawar,35.5,46,10.38,6,High,1.73
2025-10-01,Islamabad,28.2,46,17.43,4,Low,2.38
2025-10-02,Peshawar,25.8,83,16.73,2,High,0.18
2025-10-03,Quetta,40.0,55,22.6,7,High,1.14
2025-10-04,Quetta,42.2,42,24.88,4,Low,0.16
2025-10-05,Islamabad,36.9,46,30.98,8,High,3.09
2025-10-06,Quetta,30.6,67,19.03,4,Low,1.06
2025-10-07,Lahore,24.3,46,19.01,8,Middle,2.48
2025-10-08,Islamabad,24.2,77,28.9,2,Middle,0.69
2025-10-09,Lahore,33.7,43,23.78,7,Middle,0.2
2025-10-10,Karachi,32.9,74,29.61,4,High,0.06
2025-10-11,Lahore,39.8,35,23.73,8,Middle,0.5
2025-10-12,Karachi,34.6,64,15.06,7,Low,0.42
2025-10-13,Karachi,19.5,75,14.0,5,Middle,1.23
2025-10-14,Lahore,37.4,43,12.69,5,Middle,0.03
2025-10-15,Islamabad,23.0,76,25.97,5,High,1.1
2025-10-16,Quetta,27.3,37,29.13,6,Low,0.75
2025-10-17,Quetta,31.8,44,33.1,4,High,1.29
2025-10-18,Karachi,44.0,83,27.06,2,High,1.82
2025-10-19,Karachi,51.8,56,28.98,2,Low,1.51
2025-10-20,Islamabad,34.2,42,18.52,6,High,6.26
2025-10-21,Peshawar,28.7,78,15.06,2,Low,0.22
2025-10-22,Lahore,33.7,60,27.1,8,Middle,0.84
2025-10-23,Karachi,36.2,82,24.51,5,Low,0.83
2025-10-24,Quetta,27.8,85,22.64,4,Low,0.81
2025-10-25,Islamabad,42.6,64,24.32,2,Low,1.64
2025-10-26,Lahore,31.6,89,23.94,2,High,1.01
2025-10-27,Islamabad,33.5,35,29.7,3,Low,1.09
2025-10-28,Lahore,34.7,34,29.77,3,Low,0.85
2025-10-29,Lahore,33.0,51,25.27,3,Low,7.19
2025-10-30,Karachi,35.9,87,27.07,4,Middle,3.94
2025-10-31,Islamabad,25.7,78,25.08,5,Low,0.55
2025-11-01,Islamabad,26.1,52,19.23,7,High,0.18
2025-11-02,Quetta,22.3,54,26.54,5,Low,2.75
2025-11-03,Quetta,33.1,63,13.63,5,Low,8.8
2025-11-04,Karachi,35.5,55,28.32,4,Middle,0.52
2025-11-05,Karachi,33.2,76,14.83,8,Low,0.66
2025-11-06,Peshawar,41.7,34,23.71,8,High,4.26
2025-11-07,Quetta,30.0,55,16.93,4,Low,1.86
2025-11-08,Lahore,34.7,49,25.32,3,High,0.53
2025-11-09,Islamabad,22.4,35,21.8,2,Middle,1.3
2025-11-10,Karachi,27.3,35,12.43,6,Low,4.33
2025-11-11,Islamabad,34.9,88,24.52,6,Middle,2.51
2025-11-12,Islamabad,35.9,79,18.53,7,Low,2.03
2025-11-13,Peshawar,27.9,47,27.29,2,High,2.0
2025-11-14,Quetta,29.5,33,22.01,7,Middle,0.29
2025-11-15,Karachi,19.4,46,24.37,3,Low,2.61
2025-11-16,Islamabad,27.5,86,16.25,7,High,0.48
2025-11-17,Karachi,36.2,43,18.46,2,Middle,4.0
2025-11-18,Lahore,34.0,43,19.25,2,Low,0.68
2025-11-19,Peshawar,33.5,42,27.14,6,Middle,2.92
2025-11-20,Lahore,30.3,36,32.06,8,Low,0.46
2025-11-21,Karachi,30.0,73,17.17,3,High,1.08
2025-11-22,Karachi,25.4,84,28.46,4,High,0.17
2025-11-23,Quetta,34.9,44,8.98,7,Middle,1.62
2025-11-24,Islamabad,32.9,48,14.83,6,Middle,2.71
2025-11-25,Islamabad,33.4,72,16.25,7,Low,1.9
2025-11-26,Lahore,26.3,76,13.88,7,High,1.11
2025-11-27,Peshawar,14.9,73,12.5,4,Low,0.07
2025-11-28,Islamabad,37.7,64,24.48,3,High,4.06
2025-11-29,Quetta,26.6,46,20.72,2,Middle,1.83
2025-11-30,Lahore,24.0,64,24.28,5,Low,2.05
2025-12-01,Lahore,34.9,48,26.14,7,Low,2.37
2025-12-02,Quetta,27.3,49,23.59,5,High,2.07
2025-12-03,Peshawar,37.4,65,25.95,3,High,0.87
2025-12-04,Quetta,34.3,64,21.58,5,High,1.98
2025-12-05,Peshawar,34.8,61,14.88,7,Middle,1.47
2025-12-06,Quetta,20.4,87,28.35,4,Low,2.89
2025-12-07,Quetta,38.5,77,18.47,5,High,2.43
2025-12-08,Karachi,31.8,73,16.39,3,Middle,0.06
2025-12-09,Lahore,27.4,69,20.93,3,High,0.71
2025-12-10,Quetta,31.0,53,16.52,8,Low,0.05
2025-12-11,Quetta,17.6,46,19.5,8,High,0.16
2025-12-12,Islamabad,32.9,36,24.06,4,Low,1.38
2025-12-13,Lahore,22.8,72,24.09,5,Middle,3.11
2025-12-14,Islamabad,20.5,79,16.61,5,Middle,0.19
2025-12-15,Lahore,19.3,30,19.07,8,High,0.9
2025-12-16,Islamabad,37.8,64,28.45,2,Low,3.63
2025-12-17,Quetta,25.6,61,24.98,6,Low,2.53
2025-12-18,Quetta,40.7,65,34.45,3,Low,1.1
2025-12-19,Karachi,26.2,42,29.08,2,High,2.21
2025-12-20,Islamabad,18.0,35,28.87,3,Low,1.11
2025-12-21,Peshawar,22.2,87,13.67,2,Low,0.26
2025-12-22,Karachi,38.7,43,26.58,8,Low,0.2
2025-12-23,Islamabad,28.9,66,21.68,8,Low,0.31
2025-12-24,Islamabad,26.2,77,18.69,6,High,0.65
2025-12-25,Karachi,31.1,44,23.01,2,High,4.0
2025-12-26,Quetta,33.5,76,27.67,3,Low,2.41
2025-12-27,Islamabad,37.8,33,25.0,5,Low,0.85
2025-12-28,Quetta,40.1,69,16.73,3,Middle,1.02
2025-12-29,Karachi,27.5,88,26.45,7,Middle,0.46
2025-12-30,Quetta,20.7,45,18.17,8,Low,1.83
2025-12-31,Lahore,27.1,57,23.3,4,Low,2.44
2026-01-01,Peshawar,31.8,45,20.18,4,Middle,0.41
2026-01-02,Islamabad,23.3,33,20.69,8,Middle,0.06
2026-01-03,Peshawar,23.3,74,26.6,7,Low,1.47
2026-01-04,Quetta,32.4,55,15.76,4,High,1.24
2026-01-05,Islamabad,29.7,57,33.67,8,High,0.77
2026-01-06,Quetta,30.2,61,11.07,4,Low,1.55
2026-01-07,Lahore,24.7,74,18.41,8,Low,1.2
2026-01-08,Karachi,28.4,31,24.22,6,Middle,0.43
2026-01-09,Islamabad,23.5,60,25.51,5,Middle,0.76
2026-01-10,Lahore,36.2,32,21.4,5,High,0.84
2026-01-11,Lahore,37.2,83,21.66,3,Low,3.18
2026-01-12,Islamabad,17.1,37,24.46,7,Middle,4.86
2026-01-13,Quetta,23.5,53,20.61,8,High,3.35
2026-01-14,Lahore,19.5,44,30.36,2,High,1.91
2026-01-15,Peshawar,25.4,72,27.04,3,High,1.32
2026-01-16,Lahore,29.4,60,27.24,3,Middle,1.75
2026-01-17,Quetta,19.9,38,16.2,8,Middle,4.2
2026-01-18,Quetta,23.5,68,21.52,8,Low,0.43
2026-01-19,Peshawar,23.0,74,20.2,3,Low,1.15
2026-01-20,Lahore,31.5,31,15.97,3,High,1.75
2026-01-21,Quetta,30.5,37,24.16,5,High,1.71
2026-01-22,Islamabad,24.9,36,18.77,2,Middle,0.44
2026-01-23,Karachi,31.2,85,25.93,3,Middle,1.33
2026-01-24,Karachi,26.2,73,15.58,5,Low,2.38
2026-01-25,Karachi,28.1,80,32.31,3,Low,0.97
2026-01-26,Lahore,41.7,68,16.62,4,Low,2.36
2026-01-27,Peshawar,39.4,71,23.32,3,Middle,0.67
2026-01-28,Quetta,20.9,86,26.75,8,High,4.19
2026-01-29,Islamabad,35.8,45,18.58,7,Low,1.15
2026-01-30,Islamabad,35.7,64,27.11,7,Low,1.36
2026-01-31,Lahore,22.0,59,14.62,3,Middle,0.05
2026-02-01,Karachi,35.7,39,30.71,6,Low,0.28
2026-02-02,Lahore,40.8,67,22.08,4,High,1.5
2026-02-03,Peshawar,22.1,47,18.42,2,Middle,0.82
2026-02-04,Peshawar,23.6,79,20.2,3,Low,1.06
2026-02-05,Quetta,37.1,34,26.85,2,Low,0.1
2026-02-06,Quetta,31.9,82,18.49,4,Middle,2.69
2026-02-07,Peshawar,33.9,58,17.5,3,Middle,2.3
2026-02-08,Peshawar,32.4,68,20.67,6,Low,0.31
